idx,t,px,py,pz,vx,vy,vz,ax,ay,az,yaw,mode,ledr,ledg,ledb
0,0.0,0,0,-0.0,0.0,0.0,-1.0,0,0,0,0,10,0,0,0
1,0.05,0,0,-0.05,0.0,0.0,-1.0,0,0,0,0,10,0,0,0
2,0.1,0,0,-0.1,0.0,0.0,-1.0,0,0,0,0,10,0,0,0
3,0.15000000000000002,0,0,-0.15000000000000002,0.0,0.0,-1.0,0,0,0,0,10,0,0,0
4,0.2,0,0,-0.2,0.0,0.0,-1.0,0,0,0,0,10,0,0,0
5,0.25,0,0,-0.25,0.0,0.0,-1.0,0,0,0,0,10,0,0,0
6,0.30000000000000004,0,0,-0.30000000000000004,0.0,0.0,-1.0,0,0,0,0,10,0,0,0
7,0.35000000000000003,0,0,-0.35000000000000003,0.0,0.0,-1.0,0,0,0,0,10,0,0,0
8,0.4,0,0,-0.4,0.0,0.0,-1.0,0,0,0,0,10,0,0,0
9,0.45,0,0,-0.45,0.0,0.0,-1.0,0,0,0,0,10,0,0,0
10,0.5,0,0,-0.5,0.0,0.0,-1.0,0,0,0,0,10,0,0,0
11,0.55,0,0,-0.55,0.0,0.0,-1.0,0,0,0,0,10,0,0,0
12,0.6000000000000001,0,0,-0.6000000000000001,0.0,0.0,-1.0,0,0,0,0,10,0,0,0
13,0.65,0,0,-0.65,0.0,0.0,-1.0,0,0,0,0,10,0,0,0
14,0.7000000000000001,0,0,-0.7000000000000001,0.0,0.0,-1.0,0,0,0,0,10,0,0,0
15,0.75,0,0,-0.75,0.0,0.0,-1.0,0,0,0,0,10,0,0,0
16,0.8,0,0,-0.8,0.0,0.0,-1.0,0,0,0,0,10,0,0,0
17,0.8500000000000001,0,0,-0.8500000000000001,0.0,0.0,-1.0,0,0,0,0,10,0,0,0
18,0.9,0,0,-0.9,0.0,0.0,-1.0,0,0,0,0,10,0,0,0
19,0.9500000000000001,0,0,-0.9500000000000001,0.0,0.0,-1.0,0,0,0,0,10,0,0,0
20,1.0,0,0,-1.0,0.0,0.0,-1.0,0,0,0,0,10,0,0,0
21,1.05,0,0,-1.05,0.0,0.0,-1.0,0,0,0,0,10,0,0,0
22,1.1,0,0,-1.1,0.0,0.0,-1.0,0,0,0,0,10,0,0,0
23,1.1500000000000001,0,0,-1.1500000000000001,0.0,0.0,-1.0,0,0,0,0,10,0,0,0
24,1.2000000000000002,0,0,-1.2000000000000002,0.0,0.0,-1.0,0,0,0,0,10,0,0,0
25,1.25,0,0,-1.25,0.0,0.0,-1.0,0,0,0,0,10,0,0,0
26,1.3,0,0,-1.3,0.0,0.0,-1.0,0,0,0,0,10,0,0,0
27,1.35,0,0,-1.35,0.0,0.0,-1.0,0,0,0,0,10,0,0,0
28,1.4000000000000001,0,0,-1.4000000000000001,0.0,0.0,-1.0,0,0,0,0,10,0,0,0
29,1.4500000000000002,0,0,-1.4500000000000002,0.0,0.0,-1.0,0,0,0,0,10,0,0,0
30,1.5,0,0,-1.5,0.0,0.0,-1.0,0,0,0,0,10,0,0,0
31,1.55,0,0,-1.55,0.0,0.0,-1.0,0,0,0,0,10,0,0,0
32,1.6,0,0,-1.6,0.0,0.0,-1.0,0,0,0,0,10,0,0,0
33,1.6500000000000001,0,0,-1.6500000000000001,0.0,0.0,-1.0,0,0,0,0,10,0,0,0
34,1.7000000000000002,0,0,-1.7000000000000002,0.0,0.0,-1.0,0,0,0,0,10,0,0,0
35,1.75,0,0,-1.75,0.0,0.0,-1.0,0,0,0,0,10,0,0,0
36,1.8,0,0,-1.8,0.0,0.0,-1.0,0,0,0,0,10,0,0,0
37,1.85,0,0,-1.85,0.0,0.0,-1.0,0,0,0,0,10,0,0,0
38,1.9000000000000001,0,0,-1.9000000000000001,0.0,0.0,-1.0,0,0,0,0,10,0,0,0
39,1.9500000000000002,0,0,-1.9500000000000002,0.0,0.0,-1.0,0,0,0,0,10,0,0,0
40,2.0,0,0,-2.0,0.0,0.0,-1.0,0,0,0,0,10,0,0,0
41,2.0500000000000003,0,0,-2.0500000000000003,0.0,0.0,-1.0,0,0,0,0,10,0,0,0
42,2.1,0,0,-2.1,0.0,0.0,-1.0,0,0,0,0,10,0,0,0
43,2.15,0,0,-2.15,0.0,0.0,-1.0,0,0,0,0,10,0,0,0
44,2.2,0,0,-2.2,0.0,0.0,-1.0,0,0,0,0,10,0,0,0
45,2.25,0,0,-2.25,0.0,0.0,-1.0,0,0,0,0,10,0,0,0
46,2.3000000000000003,0,0,-2.3000000000000003,0.0,0.0,-1.0,0,0,0,0,10,0,0,0
47,2.35,0,0,-2.35,0.0,0.0,-1.0,0,0,0,0,10,0,0,0
48,2.4000000000000004,0,0,-2.4000000000000004,0.0,0.0,-1.0,0,0,0,0,10,0,0,0
49,2.45,0,0,-2.45,0.0,0.0,-1.0,0,0,0,0,10,0,0,0
50,2.5,0,0,-2.5,0.0,0.0,-1.0,0,0,0,0,10,0,0,0
51,2.5500000000000003,0,0,-2.5500000000000003,0.0,0.0,-1.0,0,0,0,0,10,0,0,0
52,2.6,0,0,-2.6,0.0,0.0,-1.0,0,0,0,0,10,0,0,0
53,2.6500000000000004,0,0,-2.6500000000000004,0.0,0.0,-1.0,0,0,0,0,10,0,0,0
54,2.7,0,0,-2.7,0.0,0.0,-1.0,0,0,0,0,10,0,0,0
55,2.75,0,0,-2.75,0.0,0.0,-1.0,0,0,0,0,10,0,0,0
56,2.8000000000000003,0,0,-2.8000000000000003,0.0,0.0,-1.0,0,0,0,0,10,0,0,0
57,2.85,0,0,-2.85,0.0,0.0,-1.0,0,0,0,0,10,0,0,0
58,2.9000000000000004,0,0,-2.9000000000000004,0.0,0.0,-1.0,0,0,0,0,10,0,0,0
59,2.95,0,0,-2.95,0.0,0.0,-1.0,0,0,0,0,10,0,0,0
60,3.0,0,0,-3.0,0.0,0.0,-1.0,0,0,0,0,10,0,0,0
61,3.0500000000000003,0,0,-3.0500000000000003,0.0,0.0,-1.0,0,0,0,0,10,0,0,0
62,3.1,0,0,-3.1,0.0,0.0,-1.0,0,0,0,0,10,0,0,0
63,3.1500000000000004,0,0,-3.1500000000000004,0.0,0.0,-1.0,0,0,0,0,10,0,0,0
64,3.2,0,0,-3.2,0.0,0.0,-1.0,0,0,0,0,10,0,0,0
65,3.25,0,0,-3.25,0.0,0.0,-1.0,0,0,0,0,10,0,0,0
66,3.3000000000000003,0,0,-3.3000000000000003,0.0,0.0,-1.0,0,0,0,0,10,0,0,0
67,3.35,0,0,-3.35,0.0,0.0,-1.0,0,0,0,0,10,0,0,0
68,3.4000000000000004,0,0,-3.4000000000000004,0.0,0.0,-1.0,0,0,0,0,10,0,0,0
69,3.45,0,0,-3.45,0.0,0.0,-1.0,0,0,0,0,10,0,0,0
70,3.5,0,0,-3.5,0.0,0.0,-1.0,0,0,0,0,10,0,0,0
71,3.5500000000000003,0,0,-3.5500000000000003,0.0,0.0,-1.0,0,0,0,0,10,0,0,0
72,3.6,0,0,-3.6,0.0,0.0,-1.0,0,0,0,0,10,0,0,0
73,3.6500000000000004,0,0,-3.6500000000000004,0.0,0.0,-1.0,0,0,0,0,10,0,0,0
74,3.7,0,0,-3.7,0.0,0.0,-1.0,0,0,0,0,10,0,0,0
75,3.75,0,0,-3.75,0.0,0.0,-1.0,0,0,0,0,10,0,0,0
76,3.8000000000000003,0,0,-3.8000000000000003,0.0,0.0,-1.0,0,0,0,0,10,0,0,0
77,3.85,0,0,-3.85,0.0,0.0,-1.0,0,0,0,0,10,0,0,0
78,3.9000000000000004,0,0,-3.9000000000000004,0.0,0.0,-1.0,0,0,0,0,10,0,0,0
79,3.95,0,0,-3.95,0.0,0.0,-1.0,0,0,0,0,10,0,0,0
80,4.0,0,0,-4.0,0.0,0.0,-1.0,0,0,0,0,10,0,0,0
81,4.05,0,0,-4.05,0.0,0.0,-1.0,0,0,0,0,10,0,0,0
82,4.1000000000000005,0,0,-4.1000000000000005,0.0,0.0,-1.0,0,0,0,0,10,0,0,0
83,4.15,0,0,-4.15,0.0,0.0,-1.0,0,0,0,0,10,0,0,0
84,4.2,0,0,-4.2,0.0,0.0,-1.0,0,0,0,0,10,0,0,0
85,4.25,0,0,-4.25,0.0,0.0,-1.0,0,0,0,0,10,0,0,0
86,4.3,0,0,-4.3,0.0,0.0,-1.0,0,0,0,0,10,0,0,0
87,4.3500000000000005,0,0,-4.3500000000000005,0.0,0.0,-1.0,0,0,0,0,10,0,0,0
88,4.4,0,0,-4.4,0.0,0.0,-1.0,0,0,0,0,10,0,0,0
89,4.45,0,0,-4.45,0.0,0.0,-1.0,0,0,0,0,10,0,0,0
90,4.5,0,0,-4.5,0.0,0.0,-1.0,0,0,0,0,10,0,0,0
91,4.55,0,0,-4.55,0.0,0.0,-1.0,0,0,0,0,10,0,0,0
92,4.6000000000000005,0,0,-4.6000000000000005,0.0,0.0,-1.0,0,0,0,0,10,0,0,0
93,4.65,0,0,-4.65,0.0,0.0,-1.0,0,0,0,0,10,0,0,0
94,4.7,0,0,-4.7,0.0,0.0,-1.0,0,0,0,0,10,0,0,0
95,4.75,0,0,-4.75,0.0,0.0,-1.0,0,0,0,0,10,0,0,0
96,4.800000000000001,0,0,-4.800000000000001,0.0,0.0,-1.0,0,0,0,0,10,0,0,0
97,4.8500000000000005,0,0,-4.8500000000000005,0.0,0.0,-1.0,0,0,0,0,10,0,0,0
98,4.9,0,0,-4.9,0.0,0.0,-1.0,0,0,0,0,10,0,0,0
99,4.95,0,0,-4.95,0.0,0.0,-1.0,0,0,0,0,10,0,0,0
100,5.0,0,0,-5.0,0.0,0.0,-1.0,0,0,0,0,10,0,0,0
101,5.050000000000001,0,0,-5.050000000000001,0.0,0.0,-1.0,0,0,0,0,10,0,0,0
102,5.1000000000000005,0,0,-5.1000000000000005,0.0,0.0,-1.0,0,0,0,0,10,0,0,0
103,5.15,0,0,-5.15,0.0,0.0,-1.0,0,0,0,0,10,0,0,0
104,5.2,0,0,-5.2,0.0,0.0,-1.0,0,0,0,0,10,0,0,0
105,5.25,0,0,-5.25,0.0,0.0,-1.0,0,0,0,0,10,0,0,0
106,5.300000000000001,0,0,-5.300000000000001,0.0,0.0,-1.0,0,0,0,0,10,0,0,0
107,5.3500000000000005,0,0,-5.3500000000000005,0.0,0.0,-1.0,0,0,0,0,10,0,0,0
108,5.4,0,0,-5.4,0.0,0.0,-1.0,0,0,0,0,10,0,0,0
109,5.45,0,0,-5.45,0.0,0.0,-1.0,0,0,0,0,10,0,0,0
110,5.5,0,0,-5.5,0.0,0.0,-1.0,0,0,0,0,10,0,0,0
111,5.550000000000001,0,0,-5.550000000000001,0.0,0.0,-1.0,0,0,0,0,10,0,0,0
112,5.6000000000000005,0,0,-5.6000000000000005,0.0,0.0,-1.0,0,0,0,0,10,0,0,0
113,5.65,0,0,-5.65,0.0,0.0,-1.0,0,0,0,0,10,0,0,0
114,5.7,0,0,-5.7,0.0,0.0,-1.0,0,0,0,0,10,0,0,0
115,5.75,0,0,-5.75,0.0,0.0,-1.0,0,0,0,0,10,0,0,0
116,5.800000000000001,0,0,-5.800000000000001,0.0,0.0,-1.0,0,0,0,0,10,0,0,0
117,5.8500000000000005,0,0,-5.8500000000000005,0.0,0.0,-1.0,0,0,0,0,10,0,0,0
118,5.9,0,0,-5.9,0.0,0.0,-1.0,0,0,0,0,10,0,0,0
119,5.95,0,0,-5.95,0.0,0.0,-1.0,0,0,0,0,10,0,0,0
120,6.0,0,0,-6.0,0.0,0.0,-1.0,0,0,0,0,10,0,0,0
121,6.050000000000001,0,0,-6.050000000000001,0.0,0.0,-1.0,0,0,0,0,10,0,0,0
122,6.1000000000000005,0,0,-6.1000000000000005,0.0,0.0,-1.0,0,0,0,0,10,0,0,0
123,6.15,0,0,-6.15,0.0,0.0,-1.0,0,0,0,0,10,0,0,0
124,6.2,0,0,-6.2,0.0,0.0,-1.0,0,0,0,0,10,0,0,0
125,6.25,0,0,-6.25,0.0,0.0,-1.0,0,0,0,0,10,0,0,0
126,6.300000000000001,0,0,-6.300000000000001,0.0,0.0,-1.0,0,0,0,0,10,0,0,0
127,6.3500000000000005,0,0,-6.3500000000000005,0.0,0.0,-1.0,0,0,0,0,10,0,0,0
128,6.4,0,0,-6.4,0.0,0.0,-1.0,0,0,0,0,10,0,0,0
129,6.45,0,0,-6.45,0.0,0.0,-1.0,0,0,0,0,10,0,0,0
130,6.5,0,0,-6.5,0.0,0.0,-1.0,0,0,0,0,10,0,0,0
131,6.550000000000001,0,0,-6.550000000000001,0.0,0.0,-1.0,0,0,0,0,10,0,0,0
132,6.6000000000000005,0,0,-6.6000000000000005,0.0,0.0,-1.0,0,0,0,0,10,0,0,0
133,6.65,0,0,-6.65,0.0,0.0,-1.0,0,0,0,0,10,0,0,0
134,6.7,0,0,-6.7,0.0,0.0,-1.0,0,0,0,0,10,0,0,0
135,6.75,0,0,-6.75,0.0,0.0,-1.0,0,0,0,0,10,0,0,0
136,6.800000000000001,0,0,-6.800000000000001,0.0,0.0,-1.0,0,0,0,0,10,0,0,0
137,6.8500000000000005,0,0,-6.8500000000000005,0.0,0.0,-1.0,0,0,0,0,10,0,0,0
138,6.9,0,0,-6.9,0.0,0.0,-1.0,0,0,0,0,10,0,0,0
139,6.95,0,0,-6.95,0.0,0.0,-1.0,0,0,0,0,10,0,0,0
140,7.0,0,0,-7.0,0.0,0.0,-1.0,0,0,0,0,10,0,0,0
141,7.050000000000001,0,0,-7.050000000000001,0.0,0.0,-1.0,0,0,0,0,10,0,0,0
142,7.1000000000000005,0,0,-7.1000000000000005,0.0,0.0,-1.0,0,0,0,0,10,0,0,0
143,7.15,0,0,-7.15,0.0,0.0,-1.0,0,0,0,0,10,0,0,0
144,7.2,0,0,-7.2,0.0,0.0,-1.0,0,0,0,0,10,0,0,0
145,7.25,0,0,-7.25,0.0,0.0,-1.0,0,0,0,0,10,0,0,0
146,7.300000000000001,0,0,-7.300000000000001,0.0,0.0,-1.0,0,0,0,0,10,0,0,0
147,7.3500000000000005,0,0,-7.3500000000000005,0.0,0.0,-1.0,0,0,0,0,10,0,0,0
148,7.4,0,0,-7.4,0.0,0.0,-1.0,0,0,0,0,10,0,0,0
149,7.45,0,0,-7.45,0.0,0.0,-1.0,0,0,0,0,10,0,0,0
150,7.5,0,0,-7.5,0.0,0.0,-1.0,0,0,0,0,10,0,0,0
151,7.550000000000001,0,0,-7.550000000000001,0.0,0.0,-1.0,0,0,0,0,10,0,0,0
152,7.6000000000000005,0,0,-7.6000000000000005,0.0,0.0,-1.0,0,0,0,0,10,0,0,0
153,7.65,0,0,-7.65,0.0,0.0,-1.0,0,0,0,0,10,0,0,0
154,7.7,0,0,-7.7,0.0,0.0,-1.0,0,0,0,0,10,0,0,0
155,7.75,0,0,-7.75,0.0,0.0,-1.0,0,0,0,0,10,0,0,0
156,7.800000000000001,0,0,-7.800000000000001,0.0,0.0,-1.0,0,0,0,0,10,0,0,0
157,7.8500000000000005,0,0,-7.8500000000000005,0.0,0.0,-1.0,0,0,0,0,10,0,0,0
158,7.9,0,0,-7.9,0.0,0.0,-1.0,0,0,0,0,10,0,0,0
159,7.95,0,0,-7.95,0.0,0.0,-1.0,0,0,0,0,10,0,0,0
160,8.0,0,0,-8.0,0.0,0.0,-1.0,0,0,0,0,10,0,0,0
161,8.05,0,0,-8.05,0.0,0.0,-1.0,0,0,0,0,10,0,0,0
162,8.1,0,0,-8.1,0.0,0.0,-1.0,0,0,0,0,10,0,0,0
163,8.15,0,0,-8.15,0.0,0.0,-1.0,0,0,0,0,10,0,0,0
164,8.200000000000001,0,0,-8.200000000000001,0.0,0.0,-1.0,0,0,0,0,10,0,0,0
165,8.25,0,0,-8.25,0.0,0.0,-1.0,0,0,0,0,10,0,0,0
166,8.3,0,0,-8.3,0.0,0.0,-1.0,0,0,0,0,10,0,0,0
167,8.35,0,0,-8.35,0.0,0.0,-1.0,0,0,0,0,10,0,0,0
168,8.4,0,0,-8.4,0.0,0.0,-1.0,0,0,0,0,10,0,0,0
169,8.450000000000001,0,0,-8.450000000000001,0.0,0.0,-1.0,0,0,0,0,10,0,0,0
170,8.5,0,0,-8.5,0.0,0.0,-1.0,0,0,0,0,10,0,0,0
171,8.55,0,0,-8.55,0.0,0.0,-1.0,0,0,0,0,10,0,0,0
172,8.6,0,0,-8.6,0.0,0.0,-1.0,0,0,0,0,10,0,0,0
173,8.65,0,0,-8.65,0.0,0.0,-1.0,0,0,0,0,10,0,0,0
174,8.700000000000001,0,0,-8.700000000000001,0.0,0.0,-1.0,0,0,0,0,10,0,0,0
175,8.75,0,0,-8.75,0.0,0.0,-1.0,0,0,0,0,10,0,0,0
176,8.8,0,0,-8.8,0.0,0.0,-1.0,0,0,0,0,10,0,0,0
177,8.85,0,0,-8.85,0.0,0.0,-1.0,0,0,0,0,10,0,0,0
178,8.9,0,0,-8.9,0.0,0.0,-1.0,0,0,0,0,10,0,0,0
179,8.950000000000001,0,0,-8.950000000000001,0.0,0.0,-1.0,0,0,0,0,10,0,0,0
180,9.0,0,0,-9.0,0.0,0.0,-1.0,0,0,0,0,10,0,0,0
181,9.05,0,0,-9.05,0.0,0.0,-1.0,0,0,0,0,10,0,0,0
182,9.1,0,0,-9.1,0.0,0.0,-1.0,0,0,0,0,10,0,0,0
183,9.15,0,0,-9.15,0.0,0.0,-1.0,0,0,0,0,10,0,0,0
184,9.200000000000001,0,0,-9.200000000000001,0.0,0.0,-1.0,0,0,0,0,10,0,0,0
185,9.25,0,0,-9.25,0.0,0.0,-1.0,0,0,0,0,10,0,0,0
186,9.3,0,0,-9.3,0.0,0.0,-1.0,0,0,0,0,10,0,0,0
187,9.35,0,0,-9.35,0.0,0.0,-1.0,0,0,0,0,10,0,0,0
188,9.4,0,0,-9.4,0.0,0.0,-1.0,0,0,0,0,10,0,0,0
189,9.450000000000001,0,0,-9.450000000000001,0.0,0.0,-1.0,0,0,0,0,10,0,0,0
190,9.5,0,0,-9.5,0.0,0.0,-1.0,0,0,0,0,10,0,0,0
191,9.55,0,0,-9.55,0.0,0.0,-1.0,0,0,0,0,10,0,0,0
192,9.600000000000001,0,0,-9.600000000000001,0.0,0.0,-1.0,0,0,0,0,10,0,0,0
193,9.65,0,0,-9.65,0.0,0.0,-1.0,0,0,0,0,10,0,0,0
194,9.700000000000001,0,0,-9.700000000000001,0.0,0.0,-1.0,0,0,0,0,10,0,0,0
195,9.75,0,0,-9.75,0.0,0.0,-1.0,0,0,0,0,10,0,0,0
196,9.8,0,0,-9.8,0.0,0.0,-1.0,0,0,0,0,10,0,0,0
197,9.850000000000001,0,0,-9.850000000000001,0.0,0.0,-1.0,0,0,0,0,10,0,0,0
198,9.9,0,0,-9.9,0.0,0.0,-1.0,0,0,0,0,10,0,0,0
199,9.950000000000001,0,0,-9.950000000000001,0.0,0.0,-1.0,0,0,0,0,10,0,0,0
200,10.0,0,0,-10.0,0.0,0.0,-1.0,0,0,0,0,10,0,0,0
201,10.05,0,0,-10.05,0.0,0.0,-1.0,0,0,0,0,10,0,0,0
202,10.100000000000001,0,0,-10.100000000000001,0.0,0.0,-1.0,0,0,0,0,10,0,0,0
203,10.15,0,0,-10.15,0.0,0.0,-1.0,0,0,0,0,10,0,0,0
204,10.200000000000001,0,0,-10.200000000000001,0.0,0.0,-1.0,0,0,0,0,10,0,0,0
205,10.25,0,0,-10.25,0.0,0.0,-1.0,0,0,0,0,10,0,0,0
206,10.3,0,0,-10.3,0.0,0.0,-1.0,0,0,0,0,10,0,0,0
207,10.350000000000001,0,0,-10.350000000000001,0.0,0.0,-1.0,0,0,0,0,10,0,0,0
208,10.4,0,0,-10.4,0.0,0.0,-1.0,0,0,0,0,10,0,0,0
209,10.450000000000001,0,0,-10.450000000000001,0.0,0.0,-1.0,0,0,0,0,10,0,0,0
210,10.5,0,0,-10.5,0.0,0.0,-1.0,0,0,0,0,10,0,0,0
211,10.55,0,0,-10.55,0.0,0.0,-1.0,0,0,0,0,10,0,0,0
212,10.600000000000001,0,0,-10.600000000000001,0.0,0.0,-1.0,0,0,0,0,10,0,0,0
213,10.65,0,0,-10.65,0.0,0.0,-1.0,0,0,0,0,10,0,0,0
214,10.700000000000001,0,0,-10.700000000000001,0.0,0.0,-1.0,0,0,0,0,10,0,0,0
215,10.75,0,0,-10.75,0.0,0.0,-1.0,0,0,0,0,10,0,0,0
216,10.8,0,0,-10.8,0.0,0.0,-1.0,0,0,0,0,10,0,0,0
217,10.850000000000001,0,0,-10.850000000000001,0.0,0.0,-1.0,0,0,0,0,10,0,0,0
218,10.9,0,0,-10.9,0.0,0.0,-1.0,0,0,0,0,10,0,0,0
219,10.950000000000001,0,0,-10.950000000000001,0.0,0.0,-1.0,0,0,0,0,10,0,0,0
220,11.0,0,0,-11.0,0.0,0.0,-1.0,0,0,0,0,10,0,0,0
221,11.05,0,0,-11.05,0.0,0.0,-1.0,0,0,0,0,10,0,0,0
222,11.100000000000001,0,0,-11.100000000000001,0.0,0.0,-1.0,0,0,0,0,10,0,0,0
223,11.15,0,0,-11.15,0.0,0.0,-1.0,0,0,0,0,10,0,0,0
224,11.200000000000001,0,0,-11.200000000000001,0.0,0.0,-1.0,0,0,0,0,10,0,0,0
225,11.25,0,0,-11.25,0.0,0.0,-1.0,0,0,0,0,10,0,0,0
226,11.3,0,0,-11.3,0.0,0.0,-1.0,0,0,0,0,10,0,0,0
227,11.350000000000001,0,0,-11.350000000000001,0.0,0.0,-1.0,0,0,0,0,10,0,0,0
228,11.4,0,0,-11.4,0.0,0.0,-1.0,0,0,0,0,10,0,0,0
229,11.450000000000001,0,0,-11.450000000000001,0.0,0.0,-1.0,0,0,0,0,10,0,0,0
230,11.5,0,0,-11.5,0.0,0.0,-1.0,0,0,0,0,10,0,0,0
231,11.55,0,0,-11.55,0.0,0.0,-1.0,0,0,0,0,10,0,0,0
232,11.600000000000001,0,0,-11.600000000000001,0.0,0.0,-1.0,0,0,0,0,10,0,0,0
233,11.65,0,0,-11.65,0.0,0.0,-1.0,0,0,0,0,10,0,0,0
234,11.700000000000001,0,0,-11.700000000000001,0.0,0.0,-1.0,0,0,0,0,10,0,0,0
235,11.75,0,0,-11.75,0.0,0.0,-1.0,0,0,0,0,10,0,0,0
236,11.8,0,0,-11.8,0.0,0.0,-1.0,0,0,0,0,10,0,0,0
237,11.850000000000001,0,0,-11.850000000000001,0.0,0.0,-1.0,0,0,0,0,10,0,0,0
238,11.9,0,0,-11.9,0.0,0.0,-1.0,0,0,0,0,10,0,0,0
239,11.950000000000001,0,0,-11.950000000000001,0.0,0.0,-1.0,0,0,0,0,10,0,0,0
240,12.0,0,0,-12.0,0.0,0.0,-1.0,0,0,0,0,10,0,0,0
241,12.05,0,0,-12.05,0.0,0.0,-1.0,0,0,0,0,10,0,0,0
242,12.100000000000001,0,0,-12.100000000000001,0.0,0.0,-1.0,0,0,0,0,10,0,0,0
243,12.15,0,0,-12.15,0.0,0.0,-1.0,0,0,0,0,10,0,0,0
244,12.200000000000001,0,0,-12.200000000000001,0.0,0.0,-1.0,0,0,0,0,10,0,0,0
245,12.25,0,0,-12.25,0.0,0.0,-1.0,0,0,0,0,10,0,0,0
246,12.3,0,0,-12.3,0.0,0.0,-1.0,0,0,0,0,10,0,0,0
247,12.350000000000001,0,0,-12.350000000000001,0.0,0.0,-1.0,0,0,0,0,10,0,0,0
248,12.4,0,0,-12.4,0.0,0.0,-1.0,0,0,0,0,10,0,0,0
249,12.450000000000001,0,0,-12.450000000000001,0.0,0.0,-1.0,0,0,0,0,10,0,0,0
250,12.5,0,0,-12.5,0.0,0.0,-1.0,0,0,0,0,10,0,0,0
251,12.55,0,0,-12.55,0.0,0.0,-1.0,0,0,0,0,10,0,0,0
252,12.600000000000001,0,0,-12.600000000000001,0.0,0.0,-1.0,0,0,0,0,10,0,0,0
253,12.65,0,0,-12.65,0.0,0.0,-1.0,0,0,0,0,10,0,0,0
254,12.700000000000001,0,0,-12.700000000000001,0.0,0.0,-1.0,0,0,0,0,10,0,0,0
255,12.75,0,0,-12.75,0.0,0.0,-1.0,0,0,0,0,10,0,0,0
256,12.8,0,0,-12.8,0.0,0.0,-1.0,0,0,0,0,10,0,0,0
257,12.850000000000001,0,0,-12.850000000000001,0.0,0.0,-1.0,0,0,0,0,10,0,0,0
258,12.9,0,0,-12.9,0.0,0.0,-1.0,0,0,0,0,10,0,0,0
259,12.950000000000001,0,0,-12.950000000000001,0.0,0.0,-1.0,0,0,0,0,10,0,0,0
260,13.0,0,0,-13.0,0.0,0.0,-1.0,0,0,0,0,10,0,0,0
261,13.05,0,0,-13.05,0.0,0.0,-1.0,0,0,0,0,10,0,0,0
262,13.100000000000001,0,0,-13.100000000000001,0.0,0.0,-1.0,0,0,0,0,10,0,0,0
263,13.15,0,0,-13.15,0.0,0.0,-1.0,0,0,0,0,10,0,0,0
264,13.200000000000001,0,0,-13.200000000000001,0.0,0.0,-1.0,0,0,0,0,10,0,0,0
265,13.25,0,0,-13.25,0.0,0.0,-1.0,0,0,0,0,10,0,0,0
266,13.3,0,0,-13.3,0.0,0.0,-1.0,0,0,0,0,10,0,0,0
267,13.350000000000001,0,0,-13.350000000000001,0.0,0.0,-1.0,0,0,0,0,10,0,0,0
268,13.4,0,0,-13.4,0.0,0.0,-1.0,0,0,0,0,10,0,0,0
269,13.450000000000001,0,0,-13.450000000000001,0.0,0.0,-1.0,0,0,0,0,10,0,0,0
270,13.5,0,0,-13.5,0.0,0.0,-1.0,0,0,0,0,10,0,0,0
271,13.55,0,0,-13.55,0.0,0.0,-1.0,0,0,0,0,10,0,0,0
272,13.600000000000001,0,0,-13.600000000000001,0.0,0.0,-1.0,0,0,0,0,10,0,0,0
273,13.65,0,0,-13.65,0.0,0.0,-1.0,0,0,0,0,10,0,0,0
274,13.700000000000001,0,0,-13.700000000000001,0.0,0.0,-1.0,0,0,0,0,10,0,0,0
275,13.75,0,0,-13.75,0.0,0.0,-1.0,0,0,0,0,10,0,0,0
276,13.8,0,0,-13.8,0.0,0.0,-1.0,0,0,0,0,10,0,0,0
277,13.850000000000001,0,0,-13.850000000000001,0.0,0.0,-1.0,0,0,0,0,10,0,0,0
278,13.9,0,0,-13.9,0.0,0.0,-1.0,0,0,0,0,10,0,0,0
279,13.950000000000001,0,0,-13.950000000000001,0.0,0.0,-1.0,0,0,0,0,10,0,0,0
280,14.0,0,0,-14.0,0.0,0.0,-1.0,0,0,0,0,10,0,0,0
281,14.05,0,0,-14.05,0.0,0.0,-1.0,0,0,0,0,10,0,0,0
282,14.100000000000001,0,0,-14.100000000000001,0.0,0.0,-1.0,0,0,0,0,10,0,0,0
283,14.15,0,0,-14.15,0.0,0.0,-1.0,0,0,0,0,10,0,0,0
284,14.200000000000001,0,0,-14.200000000000001,0.0,0.0,-1.0,0,0,0,0,10,0,0,0
285,14.25,0,0,-14.25,0.0,0.0,-1.0,0,0,0,0,10,0,0,0
286,14.3,0,0,-14.3,0.0,0.0,-1.0,0,0,0,0,10,0,0,0
287,14.350000000000001,0,0,-14.350000000000001,0.0,0.0,-1.0,0,0,0,0,10,0,0,0
288,14.4,0,0,-14.4,0.0,0.0,-1.0,0,0,0,0,10,0,0,0
289,14.450000000000001,0,0,-14.450000000000001,0.0,0.0,-1.0,0,0,0,0,10,0,0,0
290,14.5,0,0,-14.5,0.0,0.0,-1.0,0,0,0,0,10,0,0,0
291,14.55,0,0,-14.55,0.0,0.0,-1.0,0,0,0,0,10,0,0,0
292,14.600000000000001,0,0,-14.600000000000001,0.0,0.0,-1.0,0,0,0,0,10,0,0,0
293,14.65,0,0,-14.65,0.0,0.0,-1.0,0,0,0,0,10,0,0,0
294,14.700000000000001,0,0,-14.700000000000001,0.0,0.0,-1.0,0,0,0,0,10,0,0,0
295,14.75,0,0,-14.75,0.0,0.0,-1.0,0,0,0,0,10,0,0,0
296,14.8,0,0,-14.8,0.0,0.0,-1.0,0,0,0,0,10,0,0,0
297,14.850000000000001,0,0,-14.850000000000001,0.0,0.0,-1.0,0,0,0,0,10,0,0,0
298,14.9,0,0,-14.9,0.0,0.0,-1.0,0,0,0,0,10,0,0,0
299,14.950000000000001,0,0,-14.950000000000001,0.0,0.0,-1.0,0,0,0,0,10,0,0,0
299,14.950000000000001,0,0,-14.950000000000001,0,0,0,0,0,0,0,20,0,0,0
300,15.000000000000002,0,0,-14.950000000000001,0,0,0,0,0,0,0,20,0,0,0
301,15.05,0,0,-14.950000000000001,0,0,0,0,0,0,0,20,0,0,0
302,15.100000000000001,0,0,-14.950000000000001,0,0,0,0,0,0,0,20,0,0,0
303,15.15,0,0,-14.950000000000001,0,0,0,0,0,0,0,20,0,0,0
304,15.200000000000001,0,0,-14.950000000000001,0,0,0,0,0,0,0,20,0,0,0
305,15.250000000000002,0,0,-14.950000000000001,0,0,0,0,0,0,0,20,0,0,0
306,15.3,0,0,-14.950000000000001,0,0,0,0,0,0,0,20,0,0,0
307,15.350000000000001,0,0,-14.950000000000001,0,0,0,0,0,0,0,20,0,0,0
308,15.4,0,0,-14.950000000000001,0,0,0,0,0,0,0,20,0,0,0
309,15.450000000000001,0,0,-14.950000000000001,0,0,0,0,0,0,0,20,0,0,0
310,15.500000000000002,0,0,-14.950000000000001,0,0,0,0,0,0,0,20,0,0,0
311,15.55,0,0,-14.950000000000001,0,0,0,0,0,0,0,20,0,0,0
312,15.600000000000001,0,0,-14.950000000000001,0,0,0,0,0,0,0,20,0,0,0
313,15.65,0,0,-14.950000000000001,0,0,0,0,0,0,0,20,0,0,0
314,15.700000000000001,0,0,-14.950000000000001,0,0,0,0,0,0,0,20,0,0,0
315,15.750000000000002,0,0,-14.950000000000001,0,0,0,0,0,0,0,20,0,0,0
316,15.8,0,0,-14.950000000000001,0,0,0,0,0,0,0,20,0,0,0
317,15.850000000000001,0,0,-14.950000000000001,0,0,0,0,0,0,0,20,0,0,0
318,15.9,0,0,-14.950000000000001,0,0,0,0,0,0,0,20,0,0,0
319,15.950000000000001,0,0,-14.950000000000001,0,0,0,0,0,0,0,20,0,0,0
320,16.0,0,0,-14.950000000000001,0,0,0,0,0,0,0,20,0,0,0
321,16.05,0,0,-14.950000000000001,0,0,0,0,0,0,0,20,0,0,0
322,16.1,0,0,-14.950000000000001,0,0,0,0,0,0,0,20,0,0,0
323,16.150000000000002,0,0,-14.950000000000001,0,0,0,0,0,0,0,20,0,0,0
324,16.200000000000003,0,0,-14.950000000000001,0,0,0,0,0,0,0,20,0,0,0
325,16.25,0,0,-14.950000000000001,0,0,0,0,0,0,0,20,0,0,0
326,16.3,0,0,-14.950000000000001,0,0,0,0,0,0,0,20,0,0,0
327,16.35,0,0,-14.950000000000001,0,0,0,0,0,0,0,20,0,0,0
328,16.400000000000002,0,0,-14.950000000000001,0,0,0,0,0,0,0,20,0,0,0
329,16.450000000000003,0,0,-14.950000000000001,0,0,0,0,0,0,0,20,0,0,0
330,16.5,0,0,-14.950000000000001,0,0,0,0,0,0,0,20,0,0,0
331,16.55,0,0,-14.950000000000001,0,0,0,0,0,0,0,20,0,0,0
332,16.6,0,0,-14.950000000000001,0,0,0,0,0,0,0,20,0,0,0
333,16.650000000000002,0,0,-14.950000000000001,0,0,0,0,0,0,0,20,0,0,0
334,16.700000000000003,0,0,-14.950000000000001,0,0,0,0,0,0,0,20,0,0,0
335,16.75,0,0,-14.950000000000001,0,0,0,0,0,0,0,20,0,0,0
336,16.8,0,0,-14.950000000000001,0,0,0,0,0,0,0,20,0,0,0
337,16.85,0,0,-14.950000000000001,0,0,0,0,0,0,0,20,0,0,0
338,16.900000000000002,0,0,-14.950000000000001,0,0,0,0,0,0,0,20,0,0,0
339,16.950000000000003,0,0,-14.950000000000001,0,0,0,0,0,0,0,20,0,0,0
340,17.0,0,0,-14.950000000000001,0,0,0,0,0,0,0,20,0,0,0
341,17.05,0,0,-14.950000000000001,0,0,0,0,0,0,0,20,0,0,0
342,17.1,0,0,-14.950000000000001,0,0,0,0,0,0,0,20,0,0,0
343,17.150000000000002,0,0,-14.950000000000001,0,0,0,0,0,0,0,20,0,0,0
344,17.200000000000003,0,0,-14.950000000000001,0,0,0,0,0,0,0,20,0,0,0
345,17.25,0,0,-14.950000000000001,0,0,0,0,0,0,0,20,0,0,0
346,17.3,0,0,-14.950000000000001,0,0,0,0,0,0,0,20,0,0,0
347,17.35,0,0,-14.950000000000001,0,0,0,0,0,0,0,20,0,0,0
348,17.400000000000002,0,0,-14.950000000000001,0,0,0,0,0,0,0,20,0,0,0
349,17.450000000000003,0,0,-14.950000000000001,0,0,0,0,0,0,0,20,0,0,0
350,17.5,0,0,-14.950000000000001,0,0,0,0,0,0,0,20,0,0,0
351,17.55,0,0,-14.950000000000001,0,0,0,0,0,0,0,20,0,0,0
352,17.6,0,0,-14.950000000000001,0,0,0,0,0,0,0,20,0,0,0
353,17.650000000000002,0,0,-14.950000000000001,0,0,0,0,0,0,0,20,0,0,0
354,17.700000000000003,0,0,-14.950000000000001,0,0,0,0,0,0,0,20,0,0,0
355,17.75,0,0,-14.950000000000001,0,0,0,0,0,0,0,20,0,0,0
356,17.8,0,0,-14.950000000000001,0,0,0,0,0,0,0,20,0,0,0
357,17.85,0,0,-14.950000000000001,0,0,0,0,0,0,0,20,0,0,0
358,17.900000000000002,0,0,-14.950000000000001,0,0,0,0,0,0,0,20,0,0,0
359,17.950000000000003,0,0,-14.950000000000001,0,0,0,0,0,0,0,20,0,0,0
360,18.0,0,0,-14.950000000000001,0,0,0,0,0,0,0,20,0,0,0
361,18.05,0,0,-14.950000000000001,0,0,0,0,0,0,0,20,0,0,0
362,18.1,0,0,-14.950000000000001,0,0,0,0,0,0,0,20,0,0,0
363,18.150000000000002,0,0,-14.950000000000001,0,0,0,0,0,0,0,20,0,0,0
364,18.200000000000003,0,0,-14.950000000000001,0,0,0,0,0,0,0,20,0,0,0
365,18.25,0,0,-14.950000000000001,0,0,0,0,0,0,0,20,0,0,0
366,18.3,0,0,-14.950000000000001,0,0,0,0,0,0,0,20,0,0,0
367,18.35,0,0,-14.950000000000001,0,0,0,0,0,0,0,20,0,0,0
368,18.400000000000002,0,0,-14.950000000000001,0,0,0,0,0,0,0,20,0,0,0
369,18.450000000000003,0,0,-14.950000000000001,0,0,0,0,0,0,0,20,0,0,0
370,18.5,0,0,-14.950000000000001,0,0,0,0,0,0,0,20,0,0,0
371,18.55,0,0,-14.950000000000001,0,0,0,0,0,0,0,20,0,0,0
372,18.6,0,0,-14.950000000000001,0,0,0,0,0,0,0,20,0,0,0
373,18.650000000000002,0,0,-14.950000000000001,0,0,0,0,0,0,0,20,0,0,0
374,18.700000000000003,0,0,-14.950000000000001,0,0,0,0,0,0,0,20,0,0,0
375,18.75,0,0,-14.950000000000001,0,0,0,0,0,0,0,20,0,0,0
376,18.8,0,0,-14.950000000000001,0,0,0,0,0,0,0,20,0,0,0
377,18.85,0,0,-14.950000000000001,0,0,0,0,0,0,0,20,0,0,0
378,18.900000000000002,0,0,-14.950000000000001,0,0,0,0,0,0,0,20,0,0,0
379,18.975,0,0,-15,0,0,0,0,0,0,0,40,0,0,0
380,19.025000000000002,0,0,-15,0,0,0,0,0,0,0,40,0,0,0
381,19.075000000000003,0,0,-15,0,0,0,0,0,0,0,40,0,0,0
382,19.125,0,0,-15,0,0,0,0,0,0,0,40,0,0,0
383,19.175,0,0,-15,0,0,0,0,0,0,0,40,0,0,0
384,19.225,0,0,-15,0,0,0,0,0,0,0,40,0,0,0
385,19.275000000000002,0,0,-15,0,0,0,0,0,0,0,40,0,0,0
386,19.325000000000003,0,0,-15,0,0,0,0,0,0,0,40,0,0,0
387,19.375,0,0,-15,0,0,0,0,0,0,0,40,0,0,0
388,19.425,0,0,-15,0,0,0,0,0,0,0,40,0,0,0
389,19.475,0,0,-15,0,0,0,0,0,0,0,40,0,0,0
390,19.525000000000002,0,0,-15,0,0,0,0,0,0,0,40,0,0,0
391,19.575000000000003,0,0,-15,0,0,0,0,0,0,0,40,0,0,0
392,19.625,0,0,-15,0,0,0,0,0,0,0,40,0,0,0
393,19.675,0,0,-15,0,0,0,0,0,0,0,40,0,0,0
394,19.725,0,0,-15,0,0,0,0,0,0,0,40,0,0,0
395,19.775000000000002,0,0,-15,0,0,0,0,0,0,0,40,0,0,0
396,19.825000000000003,0,0,-15,0,0,0,0,0,0,0,40,0,0,0
397,19.875,0,0,-15,0,0,0,0,0,0,0,40,0,0,0
398,19.925,0,0,-15,0,0,0,0,0,0,0,40,0,0,0
399,19.975,0,0,-15,0,0,0,0,0,0,0,40,0,0,0
400,20.025000000000002,0,0,-15,0,0,0,0,0,0,0,40,0,0,0
401,20.075000000000003,0,0,-15,0,0,0,0,0,0,0,40,0,0,0
402,20.125,0,0,-15,0,0,0,0,0,0,0,40,0,0,0
403,20.175,0,0,-15,0,0,0,0,0,0,0,40,0,0,0
404,20.225,0,0,-15,0,0,0,0,0,0,0,40,0,0,0
405,20.275000000000002,0,0,-15,0,0,0,0,0,0,0,40,0,0,0
406,20.325000000000003,0,0,-15,0,0,0,0,0,0,0,40,0,0,0
407,20.375,0,0,-15,0,0,0,0,0,0,0,40,0,0,0
408,20.425,0,0,-15,0,0,0,0,0,0,0,40,0,0,0
409,20.475,0,0,-15,0,0,0,0,0,0,0,40,0,0,0
410,20.525000000000002,0,0,-15,0,0,0,0,0,0,0,40,0,0,0
411,20.575000000000003,0,0,-15,0,0,0,0,0,0,0,40,0,0,0
412,20.625,0,0,-15,0,0,0,0,0,0,0,40,0,0,0
413,20.675,0,0,-15,0,0,0,0,0,0,0,40,0,0,0
414,20.725,0,0,-15,0,0,0,0,0,0,0,40,0,0,0
415,20.775000000000002,0,0,-15,0,0,0,0,0,0,0,40,0,0,0
416,20.825000000000003,0,0,-15,0,0,0,0,0,0,0,40,0,0,0
417,20.875,0,0,-15,0,0,0,0,0,0,0,40,0,0,0
418,20.925,0,0,-15,0,0,0,0,0,0,0,40,0,0,0
419,20.975,0,0,-15,0,0,0,0,0,0,0,40,0,0,0
420,21.025000000000002,0,0,-15,0,0,0,0,0,0,0,40,0,0,0
421,21.075000000000003,0,0,-15,0,0,0,0,0,0,0,40,0,0,0
422,21.125,0,0,-15,0,0,0,0,0,0,0,40,0,0,0
423,21.175,0,0,-15,0,0,0,0,0,0,0,40,0,0,0
424,21.225,0,0,-15,0,0,0,0,0,0,0,40,0,0,0
425,21.275000000000002,0,0,-15,0,0,0,0,0,0,0,40,0,0,0
426,21.325000000000003,0,0,-15,0,0,0,0,0,0,0,40,0,0,0
427,21.375,0,0,-15,0,0,0,0,0,0,0,40,0,0,0
428,21.425,0,0,-15,0,0,0,0,0,0,0,40,0,0,0
429,21.475,0,0,-15,0,0,0,0,0,0,0,40,0,0,0
430,21.525000000000002,0,0,-15,0,0,0,0,0,0,0,40,0,0,0
431,21.575000000000003,0,0,-15,0,0,0,0,0,0,0,40,0,0,0
432,21.625,0,0,-15,0,0,0,0,0,0,0,40,0,0,0
433,21.675,0,0,-15,0,0,0,0,0,0,0,40,0,0,0
434,21.725,0,0,-15,0,0,0,0,0,0,0,40,0,0,0
435,21.775000000000002,0,0,-15,0,0,0,0,0,0,0,40,0,0,0
436,21.825000000000003,0,0,-15,0,0,0,0,0,0,0,40,0,0,0
437,21.875,0,0,-15,0,0,0,0,0,0,0,40,0,0,0
438,21.925,0,0,-15,0,0,0,0,0,0,0,40,0,0,0
439,21.975,0,0,-15,0,0,0,0,0,0,0,40,0,0,0
440,22.025000000000002,0,0,-15,0,0,0,0,0,0,0,40,0,0,0
441,22.075000000000003,0,0,-15,0,0,0,0,0,0,0,40,0,0,0
442,22.125,0,0,-15,0,0,0,0,0,0,0,40,0,0,0
443,22.175,0,0,-15,0,0,0,0,0,0,0,40,0,0,0
444,22.225,0,0,-15,0,0,0,0,0,0,0,40,0,0,0
445,22.275000000000002,0,0,-15,0,0,0,0,0,0,0,40,0,0,0
446,22.325000000000003,0,0,-15,0,0,0,0,0,0,0,40,0,0,0
447,22.375,0,0,-15,0,0,0,0,0,0,0,40,0,0,0
448,22.425,0,0,-15,0,0,0,0,0,0,0,40,0,0,0
449,22.475,0,0,-15,0,0,0,0,0,0,0,40,0,0,0
450,22.525000000000002,0,0,-15,0,0,0,0,0,0,0,40,0,0,0
451,22.575000000000003,0,0,-15,0,0,0,0,0,0,0,40,0,0,0
452,22.625,0,0,-15,0,0,0,0,0,0,0,40,0,0,0
453,22.675,0,0,-15,0,0,0,0,0,0,0,40,0,0,0
454,22.725,0,0,-15,0,0,0,0,0,0,0,40,0,0,0
455,22.775000000000002,0,0,-15,0,0,0,0,0,0,0,40,0,0,0
456,22.825000000000003,0,0,-15,0,0,0,0,0,0,0,40,0,0,0
457,22.875,0,0,-15,0,0,0,0,0,0,0,40,0,0,0
458,22.925,0,0,-15,0,0,0,0,0,0,0,40,0,0,0
459,22.975,0.0,0.0,-15,1.5707963267948963,1.5707963267948963,0,-0.0,-0.0,0,0,70,0,0,0
460,23.025000000000002,0.07853945747129369,0.07853838087184344,-15,1.570774794707506,1.5707101990356473,0,-0.0008612815279087229,-0.001722539443349285,0,0,70,0,0,0
461,23.075000000000003,0.15707676174368687,0.1570681491251772,-15,1.5707101990356473,1.5704518252027784,0,-0.001722539443349285,-0.003444889990837352,0,0,70,0,0,0
462,23.125,0.23560975967731013,0.2355806930859622,-15,1.5706025415502434,1.5700212336298927,0,-0.0025837501345008732,-0.0051668627673175415,0,0,70,0,0,0
463,23.175,0.3141362982503544,0.31406740296899716,-15,1.5704518252027784,1.5694184715362083,0,-0.003444889990837352,-0.0068882689390700426,0,0,70,0,0,0
464,23.225,0.39265422461809724,0.3925196718220787,-15,1.5702580541252178,1.568643605021381,0,-0.0043059354037745575,-0.00860891973450964,0,0,70,0,0,0
465,23.275000000000002,0.4711613861719244,0.4709288964698503,-15,1.5700212336298927,1.5676967190582567,0,-0.0051668627673175415,-0.010328626464886642,0,0,70,0,0,0
466,23.325000000000003,0.5496556305983441,0.5492864784572377,-15,1.5697413702093572,1.5665779174835515,0,-0.0060276484787077375,-0.01204720054497873,0,0,70,0,0,0
467,23.375,0.6281348059379943,0.6275838249923661,-15,1.5694184715362083,1.5652873229864652,0,-0.0068882689390700426,-0.013764453513771445,0,0,70,0,0,0
468,23.425,0.7065967606446398,0.7058123498888573,-15,1.5690525464628762,1.5638250770952287,0,-0.007748700554059801,-0.015480197055125084,0,0,70,0,0,0
469,23.475,0.7850393436441574,0.7839634745074009,-15,1.568643605021381,1.5621913401615823,0,-0.00860891973450964,-0.017194243018425665,0,0,70,0,0,0
470,23.525000000000002,0.8634604043935092,0.8620286286964995,-15,1.56819165842306,1.5603862913431905,0,-0.009468902897076194,-0.01890640343921777,0,0,70,0,0,0
471,23.575000000000003,0.9418577929397006,0.9399992517322819,-15,1.5676967190582567,1.5584101285839977,0,-0.010328626464886642,-0.02061649055981696,0,0,70,0,0,0
472,23.625,1.0202293599787224,1.017866793257283,-15,1.5671588004959842,1.5562630685925198,0,-0.011188066868185088,-0.022324316849899533,0,0,70,0,0,0
473,23.675,1.0985729569144753,1.0956227142180872,-15,1.5665779174835515,1.55394534681808,0,-0.01204720054497873,-0.024029695027067335,0,0,70,0,0,0
474,23.725,1.176886435917674,1.1732584878017316,-15,1.5659540859461594,1.551457217424989,0,-0.012906003941683827,-0.025732438077385365,0,0,70,0,0,0
475,23.775000000000002,1.2551676499847322,1.250765600370767,-15,1.5652873229864652,1.5487989532646738,0,-0.013764453513771445,-0.02743235927588999,0,0,70,0,0,0
476,23.825000000000003,1.333414452996623,1.328135552396875,-15,1.564577646884112,1.545970845845755,0,-0.01462252572641292,-0.029129272207065432,0,0,70,0,0,0
477,23.875,1.4116246997777147,1.4053598593929344,-15,1.5638250770952287,1.542973205302082,0,-0.015480197055125084,-0.030822990785286282,0,0,70,0,0,0
478,23.925,1.489796246154585,1.4824300528434462,-15,1.5630296342518968,1.5398063603587195,0,-0.016337443986415217,-0.03251332927522401,0,0,70,0,0,0
479,23.975,1.5679269490148018,1.559337681133195,-15,1.5621913401615823,1.5364706582959031,0,-0.017194243018425665,-0.03420010231221479,0,0,70,0,0,0
480,24.025000000000002,1.646014666365679,1.636074310474069,-15,1.5613102178065421,1.5329664649109538,0,-0.018050570661578152,-0.035883124922586905,0,0,70,0,0,0
481,24.075000000000003,1.724057257392999,1.712631525829918,-15,1.5603862913431905,1.5292941644781655,0,-0.01890640343921777,-0.037562212543945206,0,0,70,0,0,0
482,24.125,1.8020525825197067,1.789000931839357,-15,1.5594195861014382,1.525454159706663,0,-0.019761717888256602,-0.039237181045410394,0,0,70,0,0,0
483,24.175,1.8799985034645639,1.865174153736411,-15,1.5584101285839977,1.521446871696243,0,-0.02061649055981696,-0.040907846747811116,0,0,70,0,0,0
484,24.225,1.9578928833007736,1.9411428382689055,-15,1.5573579464656568,1.5172727398911938,0,-0.021470698019874276,-0.04257402644382639,0,0,70,0,0,0
485,24.275000000000002,2.035733586514566,2.0168986546144927,-15,1.5562630685925198,1.5129322220321058,0,-0.022324316849899533,-0.04423553741807645,0,0,70,0,0,0
486,24.325000000000003,2.11351847906374,2.0924332952942195,-15,1.5551255249812166,1.5084257941056751,0,-0.023177323647501302,-0.04589219746715941,0,0,70,0,0,0
487,24.375,2.1912454284361744,2.167738477083537,-15,1.55394534681808,1.5037539502925072,0,-0.024029695027067335,-0.04754382491963204,0,0,70,0,0,0
488,24.425,2.2689123037082886,2.2428059419206505,-15,1.5527225664582904,1.498917202912923,0,-0.02488140762040569,-0.049190238655932035,0,0,70,0,0,0
489,24.475,2.346516975603463,2.3176274578121054,-15,1.551457217424989,1.4939160823707778,0,-0.025732438077385365,-0.05083125812823977,0,0,70,0,0,0
490,24.525000000000002,2.424057316550417,2.3921948197355247,-15,1.550149334408359,1.4887511370952966,0,-0.026582763066576504,-0.05246670338027755,0,0,70,0,0,0
491,24.575000000000003,2.501531200741534,2.4664998505393743,-15,1.5487989532646738,1.4834229334809323,0,-0.02743235927588999,-0.054096395067043675,0,0,70,0,0,0
492,24.625,2.5789365041911427,2.540534401839685,-15,1.5474061110153143,1.4779320558252553,0,-0.028281203413216563,-0.05572015447447973,0,0,70,0,0,0
493,24.675,2.65627110479375,2.6142903549136145,-15,1.545970845845755,1.472279106264876,0,-0.029129272207065432,-0.057337803539068595,0,0,70,0,0,0
494,24.725,2.733532882382212,2.687759621589752,-15,1.5444931971045155,1.4664647047094175,0,-0.029976542407202177,-0.05894916486736107,0,0,70,0,0,0
495,24.775000000000002,2.810719718785869,2.760934145135084,-15,1.542973205302082,1.4604894887735325,0,-0.030822990785286282,-0.06055406175542914,0,0,70,0,0,0
496,24.825000000000003,2.887829497888611,2.8338059011385033,-15,1.5414109121097972,1.4543541137069826,0,-0.0316685941355079,-0.062152318208243476,0,0,70,0,0,0
497,24.875,2.9648601056868924,2.9063668983907722,-15,1.5398063603587195,1.4480592523227835,0,-0.03251332927522401,-0.06374375895897332,0,0,70,0,0,0
498,24.925,3.041809430347688,2.978609179760855,-15,1.5381595940384443,1.4416055949234228,0,-0.03335717304559406,-0.06532820948820645,0,0,70,0,0,0
499,24.975,3.11867536226639,3.050524823068501,-15,1.5364706582959031,1.4349938492251604,0,-0.03420010231221479,-0.06690549604308714,0,0,70,0,0,0
500,25.025000000000002,3.1954557941246486,3.1221059419530093,-15,1.5347395994341217,1.4282247402804193,0,-0.035042093965754584,-0.06847544565637034,0,0,70,0,0,0
501,25.075000000000003,3.272148620948138,3.193344686738045,-15,1.5329664649109538,1.4212990103982766,0,-0.035883124922586905,-0.07003788616538917,0,0,70,0,0,0
502,25.125,3.348751740164271,3.2642332452924565,-15,1.531151303337778,1.4142174190630596,0,-0.03672317212542326,-0.07159264623093473,0,0,70,0,0,0
503,25.175,3.425263051659836,3.3347638438869565,-15,1.5292941644781655,1.4069807428510608,0,-0.037562212543945206,-0.07313955535604527,0,0,70,0,0,0
504,25.225,3.5016804578385807,3.4049287480466006,-15,1.5273950992465162,1.3995897753453763,0,-0.03840022317543584,-0.07467844390470313,0,0,70,0,0,0
505,25.275000000000002,3.578001863678714,3.4747202633989636,-15,1.525454159706663,1.3920453270488824,0,-0.039237181045410394,-0.07620914312043729,0,0,70,0,0,0
506,25.325000000000003,3.6542251767903373,3.5441307365179044,-15,1.523471399070444,1.384348225295352,0,-0.04007306320824606,-0.07773148514482928,0,0,70,0,0,0
507,25.375,3.730348307472822,3.613152555762865,-15,1.521446871696243,1.3764993141587316,0,-0.040907846747811116,-0.07924530303592096,0,0,70,0,0,0
508,25.425,3.806369168772085,3.6817781521135564,-15,1.5193806330875015,1.3684994543605764,0,-0.04174150877809312,-0.08075043078652135,0,0,70,0,0,0
509,25.475,3.882285676537811,3.7499999999999996,-15,1.5172727398911938,1.3603495231756635,0,-0.04257402644382639,-0.08224670334241131,0,0,70,0,0,0
510,25.525000000000002,3.9580957494805937,3.817810618127785,-15,1.5151232498962772,1.3520504143357883,0,-0.043405376921118614,-0.08373395662044372,0,0,70,0,0,0
511,25.575000000000003,4.033797309228985,3.8852025702984765,-15,1.5129322220321058,1.343603037931758,0,-0.04423553741807645,-0.08521202752653674,0,0,70,0,0,0
512,25.625,4.1093882803864865,3.952168466225082,-15,1.5106997163668148,1.3350083203135887,0,-0.04506448517543055,-0.08668075397355922,0,0,70,0,0,0
513,25.675,4.184866590588439,4.018700962342475,-15,1.5084257941056751,1.3262672039889203,0,-0.04589219746715941,-0.08813997489910519,0,0,70,0,0,0
514,25.725,4.260230170558839,4.084792762612702,-15,1.506110517589414,1.3173806475196619,0,-0.046718651601112424,-0.08958953028315618,0,0,70,0,0,0
515,25.775000000000002,4.335476954167074,4.150436619325081,-15,1.5037539502925072,1.308349625416872,0,-0.04754382491963204,-0.09102926116562945,0,0,70,0,0,0
516,25.825000000000003,4.41060487848456,4.215625333890979,-15,1.5013561568214373,1.2991751280338952,0,-0.048367694800174894,-0.09245900966380934,0,0,70,0,0,0
517,25.875,4.485611883841301,4.2803517576332375,-15,1.498917202912923,1.2898581614577567,0,-0.049190238655932035,-0.09387861898966127,0,0,70,0,0,0
518,25.925,4.560495913882355,4.344608792570091,-15,1.4964371554321187,1.2803997473988338,0,-0.05001143393644814,-0.09528793346702509,0,0,70,0,0,0
519,25.975,4.635254915624211,4.408389392193548,-15,1.4939160823707778,1.270800923078815,0,-0.05083125812823977,-0.09668679854868685,0,0,70,0,0,0
520,26.025000000000002,4.709886839511074,4.471686562242119,-15,1.4913540528453926,1.2610627411169557,0,-0.0516496887554126,-0.09807506083332657,0,0,70,0,0,0
521,26.075000000000003,4.7843896394710494,4.534493361467812,-15,1.4887511370952966,1.2511862694146474,0,-0.05246670338027755,-0.09945256808234043,0,0,70,0,0,0
522,26.125,4.858761272972241,4.596802902397323,-15,1.4861074064807398,1.2411725910383105,0,-0.053282279603965955,-0.10081916923653547,0,0,70,0,0,0
523,26.175,4.9329997010787485,4.658608352087327,-15,1.4834229334809323,1.2310228041006224,0,-0.054096395067043675,-0.10217471443269495,0,0,70,0,0,0
524,26.225,5.007102888506564,4.719902932873781,-15,1.480697791692058,1.2207380216400983,0,-0.05490902745012403,-0.10351905502001252,0,0,70,0,0,0
525,26.275000000000002,5.08106880367937,4.780679923115172,-15,1.4779320558252553,1.210319371499034,0,-0.05572015447447973,-0.10485204357639341,0,0,70,0,0,0
526,26.325000000000003,5.154895418784241,4.8409326579296295,-15,1.4751258017045699,1.1997679961998253,0,-0.05652975390265368,-0.10617353392462105,0,0,70,0,0,0
527,26.375,5.228580709827229,4.9006545299257915,-15,1.472279106264876,1.1890850528196772,0,-0.057337803539068595,-0.10748338114838686,0,0,70,0,0,0
528,26.425,5.302122656688857,4.9598389899273885,-15,1.4693920475497677,1.1782717128637166,0,-0.05814428123063549,-0.10878144160818211,0,0,70,0,0,0
529,26.475,5.375519243179504,5.018479547691436,-15,1.4664647047094175,1.1673291621365254,0,-0.05894916486736107,-0.11006757295704962,0,0,70,0,0,0
530,26.525000000000002,5.448768457094675,5.076569772619956,-15,1.4634971579984082,1.1562586006121016,0,-0.059752432382953864,-0.1113416341561936,0,0,70,0,0,0
531,26.575000000000003,5.521868290270168,5.134103294465165,-15,1.4604894887735325,1.145061242302271,0,-0.06055406175542914,-0.11260348549044615,0,0,70,0,0,0
532,26.625,5.594816738637134,5.191073804028051,-15,1.4574417794915604,1.133738315123554,0,-0.061354031007712743,-0.11385298858358872,0,0,70,0,0,0
533,26.675,5.667611802277007,5.24747505385024,-15,1.4543541137069826,1.1222910607625143,0,-0.062152318208243476,-0.11509000641352655,0,0,70,0,0,0
534,26.725,5.740251485476346,5.303300858899106,-15,1.4512265760697154,1.1107207345395915,0,-0.06294890147157452,-0.11631440332731464,0,0,70,0,0,0
535,26.775000000000002,5.8127337967815444,5.358545097246025,-15,1.4480592523227835,1.0990286052714413,0,-0.06374375895897332,-0.1175260450560337,0,0,70,0,0,0
536,26.825000000000003,5.885056749053422,5.413201710737717,-15,1.4448522292999673,1.0872159551317964,0,-0.06453686887902031,-0.11872479872951425,0,0,70,0,0,0
537,26.875,5.95721835952171,5.467264705660587,-15,1.4416055949234228,1.0752840795108611,0,-0.06532820948820645,-0.11991053289090721,0,0,70,0,0,0
538,26.925,6.029216649839403,5.520728153398007,-15,1.4383194382012716,1.0632342868732574,0,-0.06611775909152912,-0.12108311751109976,0,0,70,0,0,0
539,26.975,6.101049646137002,5.573586191080456,-15,1.4349938492251604,1.0510678986145363,0,-0.06690549604308714,-0.12224242400297453,0,0,70,0,0,0
540,27.025000000000002,6.172715379076632,5.625833022228446,-15,1.4316289191677904,1.0387862489162738,0,-0.0676913987466741,-0.12338832523551048,0,0,70,0,0,0
541,27.075000000000003,6.244211883906019,5.677462917388174,-15,1.4282247402804193,1.0263906845997604,0,-0.06847544565637034,-0.12452069554772432,0,0,70,0,0,0
542,27.125,6.315537200512365,5.728470214759816,-15,1.424781405890331,1.013882564978309,0,-0.06925761527713377,-0.1256394107624506,0,0,70,0,0,0
543,27.175,6.38668937347609,5.778849320818419,-15,1.4212990103982766,1.0012632617081896,0,-0.07003788616538917,-0.1267443481999594,0,0,70,0,0,0
544,27.225,6.457666452124427,5.828594710927282,-15,1.4177776492758882,0.9885341586382127,0,-0.07081623692961594,-0.127835386691409,0,0,70,0,0,0
545,27.275000000000002,6.528466490584913,5.877700929943799,-15,1.4142174190630596,0.9756966516579734,0,-0.07159264623093473,-0.12891240659213407,0,0,70,0,0,0
546,27.325000000000003,6.599087547838727,5.926162592817678,-15,1.4106184173653007,0.962752148544778,0,-0.07236709278369231,-0.1299752897947655,0,0,70,0,0,0
547,27.375,6.669527687773913,5.973974385181472,-15,1.4069807428510608,0.9497020688092642,0,-0.07313955535604527,-0.13102391974218255,0,0,70,0,0,0
548,27.425,6.73978497923845,6.0211310639333595,-15,1.4033044952490243,0.9365478435397356,0,-0.07391001277054195,-0.13205818144029452,0,0,70,0,0,0
549,27.475,6.809857496093201,6.067627457812106,-15,1.3995897753453763,0.9232909152452283,0,-0.07467844390470313,-0.13307796147065112,0,0,70,0,0,0
550,27.525000000000002,6.879743317264723,6.113458467964156,-15,1.3958366849810395,0.9099327376973215,0,-0.07544482769160112,-0.13408314800288007,0,0,70,0,0,0
551,27.575000000000003,6.949440526797927,6.158619068502781,-15,1.3920453270488824,0.8964747757707155,0,-0.07620914312043729,-0.13507363080695087,0,0,70,0,0,0
552,27.625,7.018947213908601,6.203104307059213,-15,1.388215805490897,0.8829185052825945,0,-0.07697136923711802,-0.13604930126526216,0,0,70,0,0,0
553,27.675,7.088261473035809,6.246909305325746,-15,1.384348225295352,0.8692654128307821,0,-0.07773148514482928,-0.1370100523845534,0,0,70,0,0,0
554,27.725,7.157381403894126,6.290029259590679,-15,1.380442692493912,0.8555169956307218,0,-0.07848947000460954,-0.1379557788076378,0,0,70,0,0,0
555,27.775000000000002,7.22630511152573,6.332459441265113,-15,1.3764993141587316,0.8416747613512899,0,-0.07924530303592096,-0.13888637682495558,0,0,70,0,0,0
556,27.825000000000003,7.295030706352358,6.37419519740148,-15,1.3725181983995198,0.8277402279494637,0,-0.07999896351721915,-0.13980174438594734,0,0,70,0,0,0
557,27.875,7.363556304227113,6.4152319512038005,-15,1.3684994543605764,0.8137149235038584,0,-0.08075043078652135,-0.14070178111024464,0,0,70,0,0,0
558,27.925,7.431880026486114,6.455565202529577,-15,1.3644431922177989,0.7996003860471569,0,-0.08149968424197272,-0.14158638829867828,0,0,70,0,0,0
559,27.975,7.499999999999999,6.495190528383289,-15,1.3603495231756635,0.7853981633974485,0,-0.08224670334241131,-0.14245546894410138,0,0,70,0,0,0
560,28.025000000000002,7.5679143572252885,6.534103583401421,-15,1.3562185594641742,0.77110981298849,0,-0.08299146760793116,-0.1433089277420276,0,0,70,0,0,0
561,28.075000000000003,7.63562123625557,6.572300100328977,-15,1.3520504143357883,0.7567369016989198,0,-0.08373395662044372,-0.14414667110108198,0,0,70,0,0,0
562,28.125,7.703118780872552,6.609775890487442,-15,1.34784520206231,0.7422810056804287,0,-0.0844741500242376,-0.14496860715326487,0,0,70,0,0,0
563,28.175,7.770405140596953,6.646526844234111,-15,1.343603037931758,0.7277437101849183,0,-0.08521202752653674,-0.14577464576402563,0,0,70,0,0,0
564,28.225,7.8374784707392315,6.682548931412758,-15,1.339324038245205,0.7131266093906595,0,-0.08594756889805667,-0.14656469854214743,0,0,70,0,0,0
565,28.275000000000002,7.904336932450164,6.717838201795597,-15,1.3350083203135887,0.6984313062274748,0,-0.08668075397355922,-0.14733867884944007,0,0,70,0,0,0
566,28.325000000000003,7.970978692771245,6.752390785516452,-15,1.330656002454496,0.6836594122009564,0,-0.08741156265240509,-0.1480965018102409,0,0,70,0,0,0
567,28.375,8.03740192468495,6.786202893495147,-15,1.3262672039889203,0.6688125472157493,0,-0.08813997489910519,-0.1488380843207223,0,0,70,0,0,0
568,28.425,8.103604807164825,6.819270817853014,-15,1.3218420452379882,0.6538923393979076,0,-0.0888659707438698,-0.14956334505800517,0,0,70,0,0,0
569,28.475,8.169585525225404,6.851590932319507,-15,1.3173806475196619,0.6389004249163541,0,-0.08958953028315618,-0.15027220448907674,0,0,70,0,0,0
570,28.525000000000002,8.235342269971976,6.883159692629858,-15,1.3128831331454136,0.6238384478034545,0,-0.09031063368021405,-0.15096458487951228,0,0,70,0,0,0
571,28.575000000000003,8.300873238650162,6.913973636913754,-15,1.308349625416872,0.6087080597747334,0,-0.09102926116562945,-0.1516404103019995,0,0,70,0,0,0
572,28.625,8.366176634695353,6.944029386074961,-15,1.3037802486224415,0.5935109200477415,0,-0.09174539303786691,-0.15229960664466505,0,0,70,0,0,0
573,28.675,8.431250667781958,6.973323644161886,-15,1.2991751280338952,0.5782486951601064,0,-0.09245900966380934,-0.1529421016192014,0,0,70,0,0,0
574,28.725,8.496093553872493,7.001853198729013,-15,1.2945343899029402,0.5629230587867766,0,-0.09317009147929653,-0.15356782476879438,0,0,70,0,0,0
575,28.775000000000002,8.560703515266475,7.029614921189187,-15,1.2898581614577567,0.5475356915564842,0,-0.09387861898966127,-0.15417670747584938,0,0,70,0,0,0
576,28.825000000000003,8.62507878064918,7.056605767156691,-15,1.2851465708995096,0.5320882808674464,0,-0.09458457277026397,-0.15476868296951604,0,0,70,0,0,0
577,28.875,8.689217585140183,7.082822776781108,-15,1.2803997473988338,0.5165825207023212,0,-0.09528793346702509,-0.1553436863330106,0,0,70,0,0,0
578,28.925,8.753118170341763,7.108263075071893,-15,1.275617821092294,0.5010201114424456,0,-0.09598868179695587,-0.1559016545107345,0,0,70,0,0,0
579,28.975,8.816778784387097,7.132923872213651,-15,1.270800923078815,0.48540275968136665,0,-0.09668679854868685,-0.15644252631518935,0,0,70,0,0,0
580,29.025000000000002,8.880197681988292,7.156802463872076,-15,1.2659491854160894,0.4697321780376968,0,-0.09738226458299463,-0.15696624243368668,0,0,70,0,0,0
581,29.075000000000003,8.943373124484237,7.179896231490504,-15,1.2610627411169557,0.45401008496730444,0,-0.09807506083332657,-0.1574727454348524,0,0,70,0,0,0
582,29.125,9.006303379888262,7.202202642577074,-15,1.256141724145753,0.43823820457486645,0,-0.0987651683063235,-0.15796197977492463,0,0,70,0,0,0
583,29.175,9.068986722935623,7.223719250982437,-15,1.2511862694146474,0.42241826642480185,0,-0.09945256808234043,-0.15843389180384485,0,0,70,0,0,0
584,29.225,9.13142143513081,7.244443697168013,-15,1.246196512779934,0.40655200535160224,0,-0.10013724131596527,-0.15888842977114107,0,0,70,0,0,0
585,29.275000000000002,9.193605804794647,7.264373708464733,-15,1.2411725910383105,0.39064116126959114,0,-0.10081916923653547,-0.159325543831603,0,0,70,0,0,0
586,29.325000000000003,9.25553812711123,7.283507099322271,-15,1.23611464192313,0.37468747898212107,0,-0.1014983331486526,-0.15974518605074814,0,0,70,0,0,0
587,29.375,9.317216704174655,7.301841771548701,-15,1.2310228041006224,0.3586927079902368,0,-0.10217471443269495,-0.16014731041007818,0,0,70,0,0,0
588,29.425,9.378639845035577,7.319375714540605,-15,1.2258972171660931,0.3426586023008214,0,-0.10284829454532794,-0.1605318728121256,0,0,70,0,0,0
589,29.475,9.439805865747562,7.336107005503543,-15,1.2207380216400983,0.3265869202342524,0,-0.10351905502001252,-0.1608988310852894,0,0,70,0,0,0
590,29.525000000000002,9.500713089413253,7.352033809662914,-15,1.2155453589645882,0.31047942423157976,0,-0.10418697746751146,-0.16124814498845969,0,0,70,0,0,0
591,29.575000000000003,9.561359846230344,7.3671543804651645,-15,1.210319371499034,0.2943378806612554,0,-0.10485204357639341,-0.16157977621543052,0,0,70,0,0,0
592,29.625,9.621744473537367,7.381467059769314,-15,1.2050602025165218,0.27816405962542967,0,-0.10551423511353511,-0.16189368839910076,0,0,70,0,0,0
593,29.675,9.681865315859259,7.394970278028787,-15,1.1997679961998253,0.26195973476584167,0,-0.10617353392462105,-0.16218984711546203,0,0,70,0,0,0
594,29.725,9.741720724952755,7.407662554463533,-15,1.194442897637455,0.2457266830693194,0,-0.10682992193464125,-0.1624682198873736,0,0,70,0,0,0
595,29.775000000000002,9.801309059851583,7.419542497222412,-15,1.1890850528196772,0.22946668467290982,0,-0.10748338114838686,-0.16272877618812412,0,0,70,0,0,0
596,29.825000000000003,9.860628686911436,7.430608803535827,-15,1.1836946086345146,0.2131815226686721,0,-0.10813389365094342,-0.16297148744477893,0,0,70,0,0,0
597,29.875,9.919677979854777,7.440860259858584,-15,1.1782717128637166,0.19687298290813599,0,-0.10878144160818211,-0.16319632704131376,0,0,70,0,0,0
598,29.925,9.978455319815412,7.450295742002973,-15,1.1728165141787115,0.18054285380646742,0,-0.10942600726724856,-0.16340327032153298,0,0,70,0,0,0
599,29.975,10.036959095382873,7.45891421526205,-15,1.1673291621365254,0.1641929261463453,0,-0.11006757295704962,-0.16359229459177402,0,0,70,0,0,0
600,30.025000000000002,10.0951877026466,7.4667147345231,-15,1.1618098071756873,0.14782499288158546,0,-0.11070612108873783,-0.16376337912339542,0,0,70,0,0,0
601,30.075000000000003,10.153139545239911,7.473696444371283,-15,1.1562586006121016,0.1314408489405199,0,-0.1113416341561936,-0.16391650515505043,0,0,70,0,0,0
602,30.125,10.210813034383767,7.4798585791834356,-15,1.1506756946349002,0.11504229102916431,0,-0.11197409473650513,-0.16405165589474405,0,0,70,0,0,0
603,30.175,10.26820658893033,7.485200463212037,-15,1.145061242302271,0.09863111743418891,0,-0.11260348549044615,-0.1641688165216747,0,0,70,0,0,0
604,30.225,10.32531863540631,7.489721510659304,-15,1.1394153975372598,0.08220912782571446,0,-0.1132297891629512,-0.16426797418785932,0,0,70,0,0,0
605,30.275000000000002,10.382147608056101,7.493421225741438,-15,1.133738315123554,0.06577812305996163,0,-0.11385298858358872,-0.16434911801954244,0,0,70,0,0,0
606,30.325000000000003,10.438691948884717,7.496299202742987,-15,1.1280301507012351,0.04933990498176319,0,-0.11447306666703183,-0.16441223911838854,0,0,70,0,0,0
607,30.375,10.49495010770048,7.498355126061341,-15,1.1222910607625143,0.032896276226973664,0,-0.11509000641352655,-0.1644573305624577,0,0,70,0,0,0
608,30.425,10.550920542157558,7.499588770241341,-15,1.1165212026474416,0.016449040024788152,0,-0.11570379090935816,-0.16448438740696503,0,0,70,0,0,0
609,30.475,10.606601717798211,7.5,-15,1.1107207345395915,4.449703844869527e-16,0,-0.11631440332731464,-0.16449340668482262,0,0,70,0,0,0
610,30.525000000000002,10.661992108094887,7.499588770241341,-15,1.1048898154617275,-0.016449040024788312,0,-0.11692182692714811,-0.16448438740696503,0,0,70,0,0,0
611,30.575000000000003,10.71709019449205,7.498355126061341,-15,1.0990286052714413,-0.03289627622697346,0,-0.1175260450560337,-0.1644573305624577,0,0,70,0,0,0
612,30.625,10.771894466447833,7.496299202742987,-15,1.0931372646567714,-0.04933990498176335,0,-0.11812704114902627,-0.16441223911838854,0,0,70,0,0,0
613,30.675,10.826403421475433,7.493421225741438,-15,1.0872159551317964,-0.06577812305996178,0,-0.11872479872951425,-0.16434911801954244,0,0,70,0,0,0
614,30.725,10.880615565184312,7.489721510659304,-15,1.0812648390322084,-0.08220912782571427,0,-0.11931930140967162,-0.16426797418785932,0,0,70,0,0,0
615,30.775000000000002,10.934529411321174,7.485200463212037,-15,1.0752840795108611,-0.09863111743418905,0,-0.11991053289090721,-0.1641688165216747,0,0,70,0,0,0
616,30.825000000000003,10.988143481810681,7.4798585791834356,-15,1.0692738405332982,-0.11504229102916447,0,-0.12049847696431115,-0.16405165589474405,0,0,70,0,0,0
617,30.875,11.041456306796015,7.473696444371283,-15,1.0632342868732574,-0.13144084894052008,0,-0.12108311751109976,-0.16391650515505043,0,0,70,0,0,0
618,30.925,11.094466424679146,7.4667147345231,-15,1.0571655841081529,-0.1478249928815853,0,-0.12166443850305712,-0.16376337912339542,0,0,70,0,0,0
619,30.975,11.147172382160912,7.458914215262051,-15,1.0510678986145363,-0.16419292614634515,0,-0.12224242400297453,-0.16359229459177405,0,0,70,0,0,0
620,31.025000000000002,11.19957273428087,7.450295742002973,-15,1.0449413975635362,-0.18054285380646726,0,-0.12281705816508762,-0.16340327032153298,0,0,70,0,0,0
621,31.075000000000003,11.251666044456892,7.440860259858584,-15,1.0387862489162738,-0.1968729829081358,0,-0.12338832523551048,-0.16319632704131376,0,0,70,0,0,0
622,31.125,11.303450884524569,7.430608803535827,-15,1.0326026214192576,-0.21318152266867224,0,-0.12395620955266787,-0.16297148744477893,0,0,70,0,0,0
623,31.175000000000004,11.354925834776347,7.419542497222412,-15,1.0263906845997604,-0.22946668467291034,0,-0.12452069554772432,-0.16272877618812412,0,0,70,0,0,0
624,31.225,11.406089484000464,7.407662554463533,-15,1.020150608761167,-0.24572668306931922,0,-0.12508176774501115,-0.1624682198873736,0,0,70,0,0,0
625,31.275000000000002,11.456940429519632,7.394970278028787,-15,1.013882564978309,-0.26195973476584183,0,-0.1256394107624506,-0.16218984711546203,0,0,70,0,0,0
626,31.325000000000003,11.507477277229492,7.381467059769315,-15,1.007586725092773,-0.2781640596254295,0,-0.12619360931197776,-0.1618936883991008,0,0,70,0,0,0
627,31.375,11.557698641636838,7.367154380465165,-15,1.0012632617081896,-0.29433788066125516,0,-0.1267443481999594,-0.16157977621543052,0,0,70,0,0,0
628,31.425000000000004,11.607603145897594,7.352033809662913,-15,0.9949123481855019,-0.3104794242315803,0,-0.12729161232761063,-0.16124814498845966,0,0,70,0,0,0
629,31.475,11.657189421854564,7.336107005503543,-15,0.9885341586382127,-0.32658692023425256,0,-0.127835386691409,-0.1608988310852894,0,0,70,0,0,0
630,31.525000000000002,11.706456110074946,7.319375714540605,-15,0.9821288679276096,-0.34265860230082146,0,-0.12837565638350565,-0.1605318728121256,0,0,70,0,0,0
631,31.575000000000003,11.755401859887598,7.301841771548702,-15,0.9756966516579734,-0.3586927079902366,0,-0.12891240659213407,-0.16014731041007818,0,0,70,0,0,0
632,31.625,11.80402532942006,7.283507099322271,-15,0.9692376861717624,-0.3746874789821212,0,-0.12944562260201609,-0.15974518605074814,0,0,70,0,0,0
633,31.675000000000004,11.852325185635356,7.264373708464733,-15,0.962752148544778,-0.39064116126959125,0,-0.1299752897947655,-0.159325543831603,0,0,70,0,0,0
634,31.725,11.900300104368528,7.244443697168013,-15,0.9562402165813105,-0.4065520053516021,0,-0.13050139364928862,-0.15888842977114107,0,0,70,0,0,0
635,31.775000000000002,11.947948770362943,7.223719250982436,-15,0.9497020688092642,-0.422418266424802,0,-0.13102391974218255,-0.15843389180384482,0,0,70,0,0,0
636,31.825000000000003,11.995269877306358,7.202202642577074,-15,0.9431378844752631,-0.43823820457486634,0,-0.13154285374813046,-0.15796197977492463,0,0,70,0,0,0
637,31.875,12.042262127866719,7.179896231490504,-15,0.9365478435397356,-0.4540100849673046,0,-0.13205818144029452,-0.1574727454348524,0,0,70,0,0,0
638,31.925000000000004,12.088924233727738,7.156802463872076,-15,0.9299321266719843,-0.4697321780376969,0,-0.13256988869070566,-0.15696624243368668,0,0,70,0,0,0
639,31.975,12.135254915624213,7.132923872213652,-15,0.9232909152452283,-0.4854027596813665,0,-0.13307796147065112,-0.15644252631518937,0,0,70,0,0,0
640,32.025000000000006,12.181252903377093,7.108263075071893,-15,0.916624391331634,-0.5010201114424455,0,-0.13358238585105897,-0.1559016545107345,0,0,70,0,0,0
641,32.075,12.226916935928312,7.082822776781108,-15,0.9099327376973215,-0.516582520702321,0,-0.13408314800288007,-0.1553436863330106,0,0,70,0,0,0
642,32.125,12.272245761375352,7.056605767156691,-15,0.9032161377973557,-0.5320882808674466,0,-0.13458023419746712,-0.15476868296951604,0,0,70,0,0,0
643,32.175000000000004,12.317238137005562,7.029614921189186,-15,0.8964747757707155,-0.5475356915564845,0,-0.13507363080695087,-0.15417670747584936,0,0,70,0,0,0
644,32.225,12.361892829330236,7.001853198729013,-15,0.8897088364352473,-0.5629230587867764,0,-0.1355633243046141,-0.15356782476879438,0,0,70,0,0,0
645,32.275000000000006,12.406208614118427,6.973323644161885,-15,0.8829185052825945,-0.5782486951601065,0,-0.13604930126526216,-0.15294210161920138,0,0,70,0,0,0
646,32.325,12.45018427643051,6.944029386074961,-15,0.8761039684731168,-0.5935109200477414,0,-0.13653154836559123,-0.15229960664466505,0,0,70,0,0,0
647,32.375,12.493818610651491,6.913973636913755,-15,0.8692654128307821,-0.6087080597747333,0,-0.1370100523845534,-0.1516404103019995,0,0,70,0,0,0
648,32.425000000000004,12.537110420524055,6.8831596926298575,-15,0.8624030258380481,-0.6238384478034551,0,-0.1374848002037194,-0.15096458487951225,0,0,70,0,0,0
649,32.475,12.580058519181359,6.851590932319508,-15,0.8555169956307218,-0.6389004249163536,0,-0.1379557788076378,-0.15027220448907677,0,0,70,0,0,0
650,32.525000000000006,12.622661729179594,6.819270817853013,-15,0.8486075109927982,-0.6538923393979079,0,-0.13842297528419237,-0.14956334505800517,0,0,70,0,0,0
651,32.575,12.664918882530227,6.786202893495146,-15,0.8416747613512899,-0.6688125472157495,0,-0.13888637682495558,-0.14883808432072226,0,0,70,0,0,0
652,32.625,12.706828820732058,6.752390785516451,-15,0.8347189367710304,-0.6836594122009565,0,-0.13934597072554022,-0.14809650181024087,0,0,70,0,0,0
653,32.675000000000004,12.74839039480296,6.717838201795596,-15,0.8277402279494637,-0.698431306227475,0,-0.13980174438594734,-0.14733867884944007,0,0,70,0,0,0
654,32.725,12.789602465311383,6.682548931412759,-15,0.820738826211418,-0.7131266093906594,0,-0.1402536853109117,-0.14656469854214746,0,0,70,0,0,0
655,32.775000000000006,12.830463902407601,6.64652684423411,-15,0.8137149235038584,-0.7277437101849185,0,-0.14070178111024464,-0.14577464576402563,0,0,70,0,0,0
656,32.825,12.87097358585467,6.60977589048744,-15,0.8066687123906254,-0.7422810056804293,0,-0.1411460194991735,-0.14496860715326484,0,0,70,0,0,0
657,32.875,12.911130405059154,6.572300100328976,-15,0.7996003860471569,-0.7567369016989203,0,-0.14158638829867828,-0.14414667110108195,0,0,70,0,0,0
658,32.925000000000004,12.950933259101575,6.534103583401421,-15,0.7925101382551897,-0.77110981298849,0,-0.14202287543582606,-0.1433089277420276,0,0,70,0,0,0
659,32.975,12.990381056766578,6.49519052838329,-15,0.7853981633974485,-0.7853981633974478,0,-0.14245546894410138,-0.1424554689441014,0,0,70,0,0,0
660,33.025000000000006,13.029472716572869,6.455565202529577,-15,0.7782646564523164,-0.7996003860471571,0,-0.14288415696373477,-0.14158638829867828,0,0,70,0,0,0
661,33.075,13.068207166802843,6.415231951203799,-15,0.77110981298849,-0.8137149235038587,0,-0.1433089277420276,-0.14070178111024462,0,0,70,0,0,0
662,33.125,13.106583345531979,6.374195197401479,-15,0.7639338291596175,-0.8277402279494639,0,-0.14372976963367434,-0.1398017443859473,0,0,70,0,0,0
663,33.175000000000004,13.144600200657955,6.3324594412651125,-15,0.7567369016989198,-0.8416747613512905,0,-0.14414667110108198,-0.13888637682495558,0,0,70,0,0,0
664,33.225,13.18225668992948,6.290029259590682,-15,0.7495192279137998,-0.855516995630721,0,-0.14455962071468623,-0.13795577880763785,0,0,70,0,0,0
665,33.275000000000006,13.219551780974884,6.246909305325745,-15,0.7422810056804287,-0.8692654128307825,0,-0.14496860715326487,-0.1370100523845534,0,0,70,0,0,0
666,33.325,13.256484451330405,6.203104307059212,-15,0.7350224334383264,-0.8829185052825953,0,-0.14537361920424802,-0.1360493012652621,0,0,70,0,0,0
667,33.375,13.293053688468222,6.158619068502781,-15,0.7277437101849183,-0.8964747757707155,0,-0.14577464576402563,-0.13507363080695087,0,0,70,0,0,0
668,33.425000000000004,13.329258489824232,6.113458467964157,-15,0.7204450354700777,-0.9099327376973215,0,-0.14617167583825216,-0.1340831480028801,0,0,70,0,0,0
669,33.475,13.365097862825516,6.067627457812106,-15,0.7131266093906595,-0.9232909152452282,0,-0.14656469854214743,-0.13307796147065112,0,0,70,0,0,0
670,33.525000000000006,13.400570824917564,6.021131063933359,-15,0.7057886325850115,-0.9365478435397361,0,-0.14695370310079559,-0.1320581814402945,0,0,70,0,0,0
671,33.575,13.435676403591193,5.973974385181473,-15,0.6984313062274748,-0.9497020688092642,0,-0.14733867884944007,-0.13102391974218255,0,0,70,0,0,0
672,33.625,13.470413636409235,5.926162592817677,-15,0.6910548320228675,-0.9627521485447782,0,-0.14771961523377633,-0.12997528979476547,0,0,70,0,0,0
673,33.675000000000004,13.504781571032904,5.877700929943797,-15,0.6836594122009564,-0.9756966516579738,0,-0.1480965018102409,-0.12891240659213402,0,0,70,0,0,0
674,33.725,13.538779265247907,5.828594710927282,-15,0.6762452495109122,-0.9885341586382121,0,-0.14846932824629788,-0.127835386691409,0,0,70,0,0,0
675,33.775000000000006,13.572405786990293,5.778849320818419,-15,0.6688125472157493,-1.0012632617081896,0,-0.1488380843207223,-0.1267443481999594,0,0,70,0,0,0
676,33.825,13.605660214371975,5.728470214759815,-15,0.6613615090867564,-1.0138825649783092,0,-0.14920275992388002,-0.1256394107624506,0,0,70,0,0,0
677,33.875,13.638541635706028,5.677462917388173,-15,0.6538923393979076,-1.0263906845997606,0,-0.14956334505800517,-0.1245206955477243,0,0,70,0,0,0
678,33.925000000000004,13.67104914953168,5.625833022228445,-15,0.6464052429202626,-1.0387862489162738,0,-0.1499198298374742,-0.12338832523551045,0,0,70,0,0,0
679,33.975,13.703181864639014,5.573586191080459,-15,0.6389004249163541,-1.0510678986145359,0,-0.15027220448907674,-0.1222424240029746,0,0,70,0,0,0
680,34.025000000000006,13.734938900093416,5.5207281533980055,-15,0.6313780911345576,-1.0632342868732576,0,-0.1506204593522838,-0.12108311751109974,0,0,70,0,0,0
681,34.075,13.766319385259717,5.467264705660586,-15,0.6238384478034545,-1.0752840795108614,0,-0.15096458487951228,-0.11991053289090718,0,0,70,0,0,0
682,34.125,13.797322459826063,5.413201710737717,-15,0.6162817016261753,-1.0872159551317964,0,-0.15130457163638705,-0.11872479872951425,0,0,70,0,0,0
683,34.175000000000004,13.827947273827508,5.358545097246024,-15,0.6087080597747334,-1.0990286052714415,0,-0.1516404103019995,-0.11752604505603369,0,0,70,0,0,0
684,34.225,13.858192987669302,5.303300858899107,-15,0.6011177298843464,-1.1107207345395913,0,-0.1519720916691629,-0.11631440332731466,0,0,70,0,0,0
685,34.275000000000006,13.888058772149922,5.2474750538502395,-15,0.5935109200477415,-1.1222910607625145,0,-0.15229960664466505,-0.11509000641352654,0,0,70,0,0,0
686,34.325,13.9175438084838,5.191073804028051,-15,0.5858878388094542,-1.133738315123554,0,-0.15262294624951742,-0.11385298858358872,0,0,70,0,0,0
687,34.375,13.946647288323772,5.134103294465164,-15,0.5782486951601064,-1.145061242302271,0,-0.1529421016192014,-0.11260348549044612,0,0,70,0,0,0
688,34.425000000000004,13.975368413783235,5.076569772619953,-15,0.5705936985306804,-1.156258600612102,0,-0.15325706400391134,-0.11134163415619354,0,0,70,0,0,0
689,34.475,14.003706397458027,5.018479547691437,-15,0.5629230587867766,-1.167329162136525,0,-0.15356782476879438,-0.11006757295704964,0,0,70,0,0,0
690,34.525000000000006,14.031660462448011,4.9598389899273885,-15,0.555236986222857,-1.1782717128637166,0,-0.15387437539418714,-0.10878144160818211,0,0,70,0,0,0
691,34.575,14.059229842378373,4.90065452992579,-15,0.5475356915564842,-1.1890850528196777,0,-0.15417670747584938,-0.10748338114838683,0,0,70,0,0,0
692,34.625,14.086413781420637,4.840932657929629,-15,0.5398193859225416,-1.1997679961998255,0,-0.15447481272519434,-0.10617353392462103,0,0,70,0,0,0
693,34.675000000000004,14.113211534313383,4.780679923115174,-15,0.5320882808674464,-1.2103193714990337,0,-0.15476868296951604,-0.10485204357639345,0,0,70,0,0,0
694,34.725,14.139622366382676,4.71990293287378,-15,0.5243425883433483,-1.2207380216400983,0,-0.15505831015221333,-0.1035190550200125,0,0,70,0,0,0
695,34.775000000000006,14.165645553562216,4.6586083520873265,-15,0.5165825207023212,-1.2310228041006224,0,-0.1553436863330106,-0.10217471443269494,0,0,70,0,0,0
696,34.825,14.19128038241318,4.5968029023973225,-15,0.5088082906905395,-1.2411725910383105,0,-0.15562480368817574,-0.10081916923653543,0,0,70,0,0,0
697,34.875,14.216526150143785,4.5344933614678125,-15,0.5010201114424456,-1.2511862694146474,0,-0.1559016545107345,-0.09945256808234045,0,0,70,0,0,0
698,34.925000000000004,14.241382164628558,4.471686562242118,-15,0.4932181964749079,-1.2610627411169557,0,-0.15617423121068166,-0.09807506083332655,0,0,70,0,0,0
699,34.975,14.265847744427303,4.408389392193549,-15,0.48540275968136665,-1.2708009230788149,0,-0.15644252631518935,-0.09668679854868688,0,0,70,0,0,0
700,35.025000000000006,14.289922218803795,4.3446087925700905,-15,0.477574015325969,-1.280399747398834,0,-0.15670653246881172,-0.09528793346702508,0,0,70,0,0,0
701,35.075,14.313604927744151,4.2803517576332375,-15,0.4697321780376968,-1.2898581614577567,0,-0.15696624243368668,-0.09387861898966127,0,0,70,0,0,0
702,35.125,14.336895221974952,4.215625333890978,-15,0.46187746280447967,-1.2991751280338955,0,-0.15722164908973443,-0.09245900966380931,0,0,70,0,0,0
703,35.175000000000004,14.359792462981009,4.150436619325081,-15,0.45401008496730444,-1.308349625416872,0,-0.1574727454348524,-0.09102926116562945,0,0,70,0,0,0
704,35.225,14.382296023022896,4.084792762612705,-15,0.44613026021430824,-1.3173806475196617,0,-0.15771952458510752,-0.08958953028315624,0,0,70,0,0,0
705,35.275000000000006,14.404405285154148,4.018700962342471,-15,0.43823820457486645,-1.3262672039889207,0,-0.15796197977492463,-0.0881399748991051,0,0,70,0,0,0
706,35.325,14.42611964323817,3.9521684662250802,-15,0.43033413441367246,-1.3350083203135887,0,-0.15820010435727233,-0.08668075397355918,0,0,70,0,0,0
707,35.375,14.447438501964873,3.8852025702984765,-15,0.42241826642480185,-1.343603037931758,0,-0.15843389180384485,-0.08521202752653674,0,0,70,0,0,0
708,35.425000000000004,14.468361276866972,3.8178106181277855,-15,0.41449081762577406,-1.352050414335788,0,-0.15866333570524122,-0.08373395662044372,0,0,70,0,0,0
709,35.475,14.488887394336025,3.7499999999999996,-15,0.40655200535160224,-1.3603495231756635,0,-0.15888842977114107,-0.08224670334241131,0,0,70,0,0,0
710,35.525000000000006,14.509016291638153,3.6817781521135546,-15,0.3986020472488354,-1.3684994543605766,0,-0.15910916783047677,-0.08075043078652129,0,0,70,0,0,0
711,35.575,14.528747416929466,3.613152555762864,-15,0.39064116126959114,-1.3764993141587316,0,-0.159325543831603,-0.07924530303592094,0,0,70,0,0,0
712,35.625,14.548080229271203,3.544130736517903,-15,0.38266956566557936,-1.384348225295352,0,-0.1595375518424624,-0.07773148514482925,0,0,70,0,0,0
713,35.675000000000004,14.567014198644541,3.4747202633989622,-15,0.37468747898212107,-1.3920453270488824,0,-0.15974518605074814,-0.07620914312043726,0,0,70,0,0,0
714,35.725,14.585548805965148,3.4049287480466015,-15,0.3666951200521544,-1.3995897753453763,0,-0.15994844076406364,-0.07467844390470314,0,0,70,0,0,0
715,35.775000000000006,14.603683543097402,3.3347638438869582,-15,0.3586927079902368,-1.4069807428510606,0,-0.16014731041007818,-0.0731395553560453,0,0,70,0,0,0
716,35.825,14.621417912868326,3.264233245292454,-15,0.35068046218653665,-1.4142174190630599,0,-0.16034178953668002,-0.07159264623093467,0,0,70,0,0,0
717,35.875,14.63875142908121,3.1933446867380435,-15,0.3426586023008214,-1.4212990103982766,0,-0.1605318728121256,-0.07003788616538913,0,0,70,0,0,0
718,35.925000000000004,14.655683616528954,3.1221059419530093,-15,0.3346273482564312,-1.4282247402804193,0,-0.16071755502518598,-0.06847544565637034,0,0,70,0,0,0
719,35.975,14.672214011007085,3.0505248230685003,-15,0.3265869202342524,-1.4349938492251606,0,-0.1608988310852894,-0.06690549604308713,0,0,70,0,0,0
720,36.025000000000006,14.688342159326487,2.9786091797608547,-15,0.31853753866668166,-1.4416055949234228,0,-0.1610756960226612,-0.06532820948820643,0,0,70,0,0,0
721,36.075,14.704067619325828,2.906366898390771,-15,0.31047942423157976,-1.4480592523227835,0,-0.16124814498845969,-0.06374375895897329,0,0,70,0,0,0
722,36.125,14.719389959883676,2.8338059011385033,-15,0.3024127978462255,-1.4543541137069826,0,-0.16141617325490937,-0.062152318208243476,0,0,70,0,0,0
723,36.175000000000004,14.734308760930329,2.760934145135086,-15,0.2943378806612554,-1.4604894887735322,0,-0.16157977621543052,-0.06055406175542917,0,0,70,0,0,0
724,36.225,14.748823613459319,2.6877596215897515,-15,0.28625489405460297,-1.4664647047094175,0,-0.16173894938476527,-0.05894916486736106,0,0,70,0,0,0
725,36.275000000000006,14.762934119538627,2.614290354913615,-15,0.27816405962542967,-1.472279106264876,0,-0.16189368839910076,-0.05733780353906861,0,0,70,0,0,0
726,36.325,14.77663989232161,2.5405344018396847,-15,0.2700655991880479,-1.4779320558252553,0,-0.16204398901618883,-0.05572015447447972,0,0,70,0,0,0
727,36.375,14.789940556057575,2.466499850539372,-15,0.26195973476584167,-1.4834229334809323,0,-0.16218984711546203,-0.05409639506704362,0,0,70,0,0,0
728,36.425000000000004,14.802835746102108,2.392194819735524,-15,0.25384668858517917,-1.4887511370952968,0,-0.16233125869814694,-0.052466703380277535,0,0,70,0,0,0
729,36.475,14.815325108927066,2.3176274578121063,-15,0.2457266830693194,-1.4939160823707778,0,-0.1624682198873736,-0.05083125812823979,0,0,70,0,0,0
730,36.525000000000006,14.827408302130253,2.2428059419206523,-15,0.23759994083231534,-1.498917202912923,0,-0.1626007269282818,-0.04919023865593208,0,0,70,0,0,0
731,36.575,14.839084994444825,2.1677384770835344,-15,0.22946668467290982,-1.5037539502925072,0,-0.16272877618812412,-0.04754382491963199,0,0,70,0,0,0
732,36.625,14.850354865748363,2.092433295294218,-15,0.2213271375684305,-1.5084257941056751,0,-0.16285236415636534,-0.04589219746715939,0,0,70,0,0,0
733,36.675000000000004,14.861217607071653,2.016898654614493,-15,0.2131815226686721,-1.5129322220321055,0,-0.16297148744477893,-0.044235537418076454,0,0,70,0,0,0
734,36.725,14.871672920607155,1.9411428382689042,-15,0.2050300632897815,-1.5172727398911938,0,-0.16308614278753977,-0.04257402644382637,0,0,70,0,0,0
735,36.775000000000006,14.881720519717168,1.8651741537364113,-15,0.19687298290813599,-1.521446871696243,0,-0.16319632704131376,-0.04090784674781112,0,0,70,0,0,0
736,36.825,14.891360128941683,1.7890009318393552,-15,0.18871050515421398,-1.525454159706663,0,-0.1633020371853438,-0.03923718104541036,0,0,70,0,0,0
737,36.875,14.900591484005947,1.7126315258299212,-15,0.18054285380646742,-1.5292941644781655,0,-0.16340327032153298,-0.037562212543945275,0,0,70,0,0,0
738,36.925000000000004,14.909414331827696,1.6360743104740674,-15,0.17237025278518217,-1.5329664649109538,0,-0.16350002367452374,-0.03588312492258687,0,0,70,0,0,0
739,36.975,14.9178284305241,1.559337681133195,-15,0.1641929261463453,-1.5364706582959031,0,-0.16359229459177402,-0.03420010231221479,0,0,70,0,0,0
740,37.025000000000006,14.925833549418394,1.4824300528434475,-15,0.15601109807549665,-1.539806360358719,0,-0.16368008054362995,-0.032513329275224045,0,0,70,0,0,0
741,37.075,14.9334294690462,1.4053598593929344,-15,0.14782499288158546,-1.542973205302082,0,-0.16376337912339542,-0.030822990785286282,0,0,70,0,0,0
742,37.125,14.940615981161542,1.3281355523968759,-15,0.13963483499082152,-1.545970845845755,0,-0.16384218804739772,-0.029129272207065446,0,0,70,0,0,0
743,37.175000000000004,14.947392888742566,1.2507656003707663,-15,0.1314408489405199,-1.5487989532646738,0,-0.16391650515505043,-0.027432359275889974,0,0,70,0,0,0
744,37.225,14.95376000599692,1.1732584878017323,-15,0.12324325937294808,-1.551457217424989,0,-0.16398632840891247,-0.025732438077385383,0,0,70,0,0,0
745,37.275000000000006,14.959717158366871,1.095622714218086,-15,0.11504229102916431,-1.55394534681808,0,-0.16405165589474405,-0.02402969502706731,0,0,70,0,0,0
746,37.325,14.96526418253408,1.0178667932572802,-15,0.10683816874285876,-1.55626306859252,0,-0.1641124858215592,-0.022324316849899477,0,0,70,0,0,0
747,37.375,14.970400926424073,0.939999251732284,-15,0.09863111743418891,-1.5584101285839975,0,-0.1641688165216747,-0.02061649055981701,0,0,70,0,0,0
748,37.425000000000004,14.975127249210425,0.8620286286965,-15,0.09042136210361074,-1.5603862913431905,0,-0.16422064645075599,-0.01890640343921778,0,0,70,0,0,0
749,37.475,14.979443021318607,0.7839634745073997,-15,0.08220912782571446,-1.5621913401615823,0,-0.16426797418785932,-0.017194243018425637,0,0,70,0,0,0
750,37.525000000000006,14.98334812442955,0.7058123498888577,-15,0.07399463974305157,-1.5638250770952287,0,-0.16431079843547097,-0.015480197055125093,0,0,70,0,0,0
751,37.575,14.986842451482875,0.6275838249923646,-15,0.06577812305996163,-1.5652873229864652,0,-0.16434911801954244,-0.013764453513771412,0,0,70,0,0,0
752,37.625,14.989925906679844,0.5492864784572377,-15,0.057559803036400764,-1.5665779174835515,0,-0.16438293188952308,-0.01204720054497873,0,0,70,0,0,0
753,37.675000000000004,14.992598405485975,0.47092889646984853,-15,0.04933990498176319,-1.5676967190582567,0,-0.16441223911838854,-0.010328626464886605,0,0,70,0,0,0
754,37.725,14.99485987463336,0.39251967182207853,-15,0.041118654248707004,-1.568643605021381,0,-0.16443703890266625,-0.008608919734509637,0,0,70,0,0,0
755,37.775000000000006,14.996710252122682,0.3140674029689986,-15,0.032896276226973664,-1.5694184715362083,0,-0.1644573305624577,-0.006888268939070074,0,0,70,0,0,0
756,37.825,14.998149487224909,0.23558069308595844,-15,0.024672996337209412,-1.5700212336298927,0,-0.16447311354145674,-0.005166862767317459,0,0,70,0,0,0
757,37.875,14.999177540482682,0.15706814912517833,-15,0.016449040024788152,-1.5704518252027784,0,-0.16448438740696503,-0.003444889990837377,0,0,70,0,0,0
758,37.925000000000004,14.999794383711402,0.07853838087184281,-15,0.008224632753624742,-1.5707101990356473,0,-0.16449115184990387,-0.0017225394433492713,0,0,70,0,0,0
759,37.975,15.0,4.249154173235985e-15,-15,4.449703844869527e-16,-1.5707963267948963,0,-0.16449340668482262,-9.319437939794908e-17,0,0,70,0,0,0
760,38.025000000000006,14.999794383711402,-0.0785383808718443,-15,-0.0082246327536249,-1.5707101990356473,0,-0.16449115184990387,0.0017225394433493038,0,0,70,0,0,0
761,38.075,14.999177540482682,-0.15706814912517983,-15,-0.016449040024788312,-1.5704518252027784,0,-0.16448438740696503,0.00344488999083741,0,0,70,0,0,0
762,38.125,14.998149487224909,-0.23558069308595994,-15,-0.024672996337209575,-1.5700212336298927,0,-0.16447311354145674,0.005166862767317492,0,0,70,0,0,0
763,38.175000000000004,14.996710252122682,-0.31406740296899677,-15,-0.03289627622697346,-1.5694184715362083,0,-0.1644573305624577,0.006888268939070035,0,0,70,0,0,0
764,38.225,14.99485987463336,-0.39251967182207675,-15,-0.04111865424870682,-1.568643605021381,0,-0.16443703890266625,0.008608919734509599,0,0,70,0,0,0
765,38.275000000000006,14.992598405485975,-0.4709288964698501,-15,-0.04933990498176335,-1.5676967190582567,0,-0.16441223911838854,0.010328626464886638,0,0,70,0,0,0
766,38.325,14.989925906679844,-0.5492864784572391,-15,-0.05755980303640092,-1.5665779174835515,0,-0.16438293188952308,0.012047200544978761,0,0,70,0,0,0
767,38.375,14.986842451482875,-0.6275838249923661,-15,-0.06577812305996178,-1.5652873229864652,0,-0.16434911801954244,0.013764453513771445,0,0,70,0,0,0
768,38.425000000000004,14.98334812442955,-0.7058123498888591,-15,-0.07399463974305172,-1.5638250770952287,0,-0.16431079843547097,0.015480197055125124,0,0,70,0,0,0
769,38.475,14.979443021318607,-0.7839634745073979,-15,-0.08220912782571427,-1.5621913401615823,0,-0.16426797418785932,0.017194243018425596,0,0,70,0,0,0
770,38.525000000000006,14.975127249210425,-0.8620286286964982,-15,-0.09042136210361054,-1.5603862913431905,0,-0.16422064645075599,0.01890640343921774,0,0,70,0,0,0
771,38.575,14.970400926424073,-0.9399992517322855,-15,-0.09863111743418905,-1.5584101285839975,0,-0.1641688165216747,0.02061649055981704,0,0,70,0,0,0
772,38.625,14.96526418253408,-1.0178667932572818,-15,-0.10683816874285892,-1.5562630685925198,0,-0.1641124858215592,0.02232431684989951,0,0,70,0,0,0
773,38.675000000000004,14.959717158366871,-1.0956227142180879,-15,-0.11504229102916447,-1.55394534681808,0,-0.16405165589474405,0.024029695027067352,0,0,70,0,0,0
774,38.725,14.95376000599692,-1.1732584878017305,-15,-0.1232432593729479,-1.551457217424989,0,-0.16398632840891247,0.02573243807738534,0,0,70,0,0,0
775,38.775000000000006,14.947392888742566,-1.2507656003707677,-15,-0.13144084894052008,-1.5487989532646735,0,-0.16391650515505043,0.02743235927589,0,0,70,0,0,0
776,38.825,14.940615981161542,-1.3281355523968772,-15,-0.13963483499082172,-1.545970845845755,0,-0.16384218804739772,0.029129272207065477,0,0,70,0,0,0
777,38.875,14.9334294690462,-1.4053598593929324,-15,-0.1478249928815853,-1.542973205302082,0,-0.16376337912339542,0.030822990785286237,0,0,70,0,0,0
778,38.925000000000004,14.925833549418394,-1.4824300528434489,-15,-0.15601109807549685,-1.539806360358719,0,-0.16368008054362995,0.03251332927522407,0,0,70,0,0,0
779,38.975,14.917828430524102,-1.559337681133193,-15,-0.16419292614634515,-1.5364706582959031,0,-0.16359229459177405,0.03420010231221474,0,0,70,0,0,0
780,39.025000000000006,14.909414331827696,-1.636074310474069,-15,-0.17237025278518237,-1.5329664649109538,0,-0.16350002367452374,0.035883124922586905,0,0,70,0,0,0
781,39.075,14.900591484005947,-1.7126315258299196,-15,-0.18054285380646726,-1.5292941644781655,0,-0.16340327032153298,0.037562212543945234,0,0,70,0,0,0
782,39.125,14.891360128941683,-1.7890009318393598,-15,-0.18871050515421448,-1.525454159706663,0,-0.1633020371853438,0.03923718104541046,0,0,70,0,0,0
783,39.175,14.881720519717168,-1.8651741537364093,-15,-0.1968729829081358,-1.5214468716962435,0,-0.16319632704131376,0.040907846747811075,0,0,70,0,0,0
784,39.225,14.871672920607157,-1.9411428382689027,-15,-0.20503006328978132,-1.517272739891194,0,-0.1630861427875398,0.04257402644382633,0,0,70,0,0,0
785,39.275000000000006,14.861217607071653,-2.0168986546144945,-15,-0.21318152266867224,-1.5129322220321055,0,-0.16297148744477893,0.04423553741807649,0,0,70,0,0,0
786,39.325,14.850354865748363,-2.092433295294223,-15,-0.221327137568431,-1.5084257941056751,0,-0.16285236415636534,0.045892197467159494,0,0,70,0,0,0
787,39.375,14.839084994444825,-2.167738477083539,-15,-0.22946668467291034,-1.503753950292507,0,-0.16272877618812412,0.047543824919632084,0,0,70,0,0,0
788,39.425,14.827408302130253,-2.2428059419206505,-15,-0.2375999408323151,-1.498917202912923,0,-0.1626007269282818,0.049190238655932035,0,0,70,0,0,0
789,39.475,14.815325108927066,-2.3176274578121046,-15,-0.24572668306931922,-1.493916082370778,0,-0.1624682198873736,0.05083125812823975,0,0,70,0,0,0
790,39.525000000000006,14.802835746102108,-2.392194819735525,-15,-0.25384668858517934,-1.4887511370952966,0,-0.16233125869814694,0.052466703380277556,0,0,70,0,0,0
791,39.575,14.789940556057575,-2.4664998505393734,-15,-0.26195973476584183,-1.4834229334809323,0,-0.16218984711546203,0.054096395067043654,0,0,70,0,0,0
792,39.625,14.776639892321608,-2.540534401839686,-15,-0.27006559918804807,-1.4779320558252553,0,-0.1620439890161888,0.05572015447447974,0,0,70,0,0,0
793,39.675,14.76293411953863,-2.6142903549136136,-15,-0.2781640596254295,-1.472279106264876,0,-0.1618936883991008,0.05733780353906858,0,0,70,0,0,0
794,39.725,14.748823613459319,-2.68775962158975,-15,-0.2862548940546027,-1.4664647047094175,0,-0.16173894938476527,0.058949164867361036,0,0,70,0,0,0
795,39.775000000000006,14.73430876093033,-2.760934145135084,-15,-0.29433788066125516,-1.4604894887735325,0,-0.16157977621543052,0.06055406175542914,0,0,70,0,0,0
796,39.825,14.719389959883676,-2.8338059011385046,-15,-0.3024127978462256,-1.4543541137069826,0,-0.16141617325490937,0.06215231820824351,0,0,70,0,0,0
797,39.875,14.704067619325826,-2.9063668983907753,-15,-0.3104794242315803,-1.4480592523227833,0,-0.16124814498845966,0.06374375895897338,0,0,70,0,0,0
798,39.925,14.688342159326487,-2.978609179760853,-15,-0.3185375386666814,-1.441605594923423,0,-0.1610756960226612,0.06532820948820639,0,0,70,0,0,0
799,39.975,14.672214011007085,-3.0505248230685016,-15,-0.32658692023425256,-1.4349938492251604,0,-0.1608988310852894,0.06690549604308715,0,0,70,0,0,0
800,40.025000000000006,14.655683616528954,-3.12210594195301,-15,-0.3346273482564313,-1.4282247402804191,0,-0.16071755502518598,0.06847544565637037,0,0,70,0,0,0
801,40.075,14.63875142908121,-3.193344686738045,-15,-0.34265860230082146,-1.4212990103982763,0,-0.1605318728121256,0.07003788616538917,0,0,70,0,0,0
802,40.125,14.621417912868326,-3.264233245292458,-15,-0.3506804621865371,-1.4142174190630596,0,-0.16034178953668002,0.07159264623093475,0,0,70,0,0,0
803,40.175,14.603683543097404,-3.334763843886957,-15,-0.3586927079902366,-1.4069807428510608,0,-0.16014731041007818,0.07313955535604527,0,0,70,0,0,0
804,40.225,14.58554880596515,-3.4049287480466,-15,-0.36669512005215416,-1.3995897753453763,0,-0.15994844076406364,0.07467844390470313,0,0,70,0,0,0
805,40.275000000000006,14.567014198644541,-3.4747202633989636,-15,-0.3746874789821212,-1.3920453270488822,0,-0.15974518605074814,0.07620914312043729,0,0,70,0,0,0
806,40.325,14.548080229271202,-3.5441307365179044,-15,-0.38266956566557947,-1.384348225295352,0,-0.15953755184246238,0.07773148514482928,0,0,70,0,0,0
807,40.375,14.528747416929466,-3.6131525557628654,-15,-0.39064116126959125,-1.3764993141587314,0,-0.159325543831603,0.07924530303592098,0,0,70,0,0,0
808,40.425,14.509016291638153,-3.681778152113553,-15,-0.39860204724883525,-1.3684994543605769,0,-0.15910916783047677,0.08075043078652126,0,0,70,0,0,0
809,40.475,14.488887394336025,-3.749999999999998,-15,-0.4065520053516021,-1.3603495231756635,0,-0.15888842977114107,0.08224670334241127,0,0,70,0,0,0
810,40.525000000000006,14.468361276866972,-3.817810618127784,-15,-0.4144908176257739,-1.3520504143357883,0,-0.15866333570524122,0.08373395662044368,0,0,70,0,0,0
811,40.575,14.447438501964871,-3.885202570298478,-15,-0.422418266424802,-1.3436030379317578,0,-0.15843389180384482,0.08521202752653675,0,0,70,0,0,0
812,40.625,14.42611964323817,-3.9521684662250847,-15,-0.430334134413673,-1.335008320313588,0,-0.15820010435727233,0.08668075397355927,0,0,70,0,0,0
813,40.675,14.404405285154148,-4.0187009623424705,-15,-0.43823820457486634,-1.3262672039889207,0,-0.15796197977492463,0.08813997489910508,0,0,70,0,0,0
814,40.725,14.382296023022896,-4.084792762612703,-15,-0.44613026021430807,-1.3173806475196619,0,-0.15771952458510752,0.0895895302831562,0,0,70,0,0,0
815,40.775000000000006,14.359792462981009,-4.150436619325083,-15,-0.4540100849673046,-1.308349625416872,0,-0.1574727454348524,0.0910292611656295,0,0,70,0,0,0
816,40.825,14.336895221974952,-4.215625333890979,-15,-0.46187746280447983,-1.2991751280338952,0,-0.15722164908973443,0.09245900966380934,0,0,70,0,0,0
817,40.875,14.313604927744151,-4.280351757633239,-15,-0.4697321780376969,-1.2898581614577564,0,-0.15696624243368668,0.0938786189896613,0,0,70,0,0,0
818,40.925,14.289922218803795,-4.344608792570089,-15,-0.4775740153259688,-1.2803997473988342,0,-0.15670653246881172,0.09528793346702505,0,0,70,0,0,0
819,40.975,14.265847744427305,-4.4083893921935475,-15,-0.4854027596813665,-1.270800923078815,0,-0.15644252631518937,0.09668679854868684,0,0,70,0,0,0
820,41.025000000000006,14.241382164628558,-4.471686562242119,-15,-0.49321819647490805,-1.2610627411169557,0,-0.15617423121068166,0.09807506083332657,0,0,70,0,0,0
821,41.075,14.216526150143785,-4.534493361467811,-15,-0.5010201114424455,-1.2511862694146478,0,-0.1559016545107345,0.09945256808234039,0,0,70,0,0,0
822,41.125,14.191280382413177,-4.596802902397327,-15,-0.5088082906905399,-1.2411725910383098,0,-0.15562480368817574,0.10081916923653553,0,0,70,0,0,0
823,41.175,14.165645553562216,-4.658608352087325,-15,-0.516582520702321,-1.2310228041006226,0,-0.1553436863330106,0.10217471443269488,0,0,70,0,0,0
824,41.225,14.139622366382676,-4.7199029328737785,-15,-0.5243425883433483,-1.2207380216400983,0,-0.15505831015221333,0.10351905502001248,0,0,70,0,0,0
825,41.275000000000006,14.113211534313383,-4.780679923115175,-15,-0.5320882808674466,-1.2103193714990337,0,-0.15476868296951604,0.10485204357639347,0,0,70,0,0,0
826,41.325,14.086413781420637,-4.84093265792963,-15,-0.5398193859225418,-1.1997679961998253,0,-0.15447481272519434,0.10617353392462107,0,0,70,0,0,0
827,41.375,14.059229842378372,-4.900654529925792,-15,-0.5475356915564845,-1.1890850528196768,0,-0.15417670747584936,0.10748338114838689,0,0,70,0,0,0
828,41.425,14.031660462448011,-4.959838989927388,-15,-0.5552369862228568,-1.1782717128637168,0,-0.15387437539418714,0.1087814416081821,0,0,70,0,0,0
829,41.475,14.003706397458027,-5.018479547691436,-15,-0.5629230587867764,-1.1673291621365254,0,-0.15356782476879438,0.11006757295704962,0,0,70,0,0,0
830,41.525000000000006,13.975368413783233,-5.0765697726199575,-15,-0.570593698530681,-1.1562586006121014,0,-0.15325706400391131,0.11134163415619362,0,0,70,0,0,0
831,41.575,13.94664728832377,-5.134103294465166,-15,-0.5782486951601065,-1.145061242302271,0,-0.15294210161920138,0.11260348549044616,0,0,70,0,0,0
832,41.625,13.917543808483797,-5.191073804028052,-15,-0.5858878388094545,-1.1337383151235538,0,-0.15262294624951736,0.11385298858358876,0,0,70,0,0,0
833,41.675,13.888058772149922,-5.247475053850239,-15,-0.5935109200477414,-1.122291060762515,0,-0.15229960664466505,0.11509000641352651,0,0,70,0,0,0
834,41.725,13.858192987669302,-5.303300858899106,-15,-0.6011177298843461,-1.1107207345395917,0,-0.1519720916691629,0.11631440332731464,0,0,70,0,0,0
835,41.775000000000006,13.82794727382751,-5.358545097246024,-15,-0.6087080597747333,-1.0990286052714417,0,-0.1516404103019995,0.11752604505603369,0,0,70,0,0,0
836,41.825,13.797322459826063,-5.4132017107377175,-15,-0.6162817016261756,-1.0872159551317961,0,-0.15130457163638705,0.11872479872951426,0,0,70,0,0,0
837,41.875,13.766319385259715,-5.467264705660589,-15,-0.6238384478034551,-1.0752840795108607,0,-0.15096458487951225,0.11991053289090724,0,0,70,0,0,0
838,41.925,13.734938900093416,-5.520728153398005,-15,-0.6313780911345573,-1.0632342868732578,0,-0.1506204593522838,0.12108311751109971,0,0,70,0,0,0
839,41.975,13.703181864639015,-5.573586191080455,-15,-0.6389004249163536,-1.0510678986145365,0,-0.15027220448907677,0.12224242400297451,0,0,70,0,0,0
840,42.025000000000006,13.67104914953168,-5.625833022228446,-15,-0.6464052429202627,-1.0387862489162738,0,-0.1499198298374742,0.12338832523551048,0,0,70,0,0,0
841,42.075,13.638541635706027,-5.677462917388176,-15,-0.6538923393979079,-1.0263906845997597,0,-0.14956334505800517,0.12452069554772438,0,0,70,0,0,0
842,42.125,13.605660214371975,-5.728470214759816,-15,-0.6613615090867564,-1.013882564978309,0,-0.14920275992388002,0.1256394107624506,0,0,70,0,0,0
843,42.175000000000004,13.572405786990291,-5.77884932081842,-15,-0.6688125472157495,-1.0012632617081894,0,-0.14883808432072226,0.1267443481999594,0,0,70,0,0,0
844,42.225,13.53877926524791,-5.8285947109272795,-15,-0.6762452495109117,-0.9885341586382131,0,-0.1484693282462979,0.12783538669140895,0,0,70,0,0,0
845,42.275000000000006,13.504781571032902,-5.8777009299437974,-15,-0.6836594122009565,-0.9756966516579737,0,-0.14809650181024087,0.12891240659213402,0,0,70,0,0,0
846,42.325,13.470413636409235,-5.926162592817678,-15,-0.6910548320228675,-0.962752148544778,0,-0.14771961523377633,0.1299752897947655,0,0,70,0,0,0
847,42.375,13.435676403591192,-5.9739743851814735,-15,-0.698431306227475,-0.9497020688092639,0,-0.14733867884944007,0.13102391974218258,0,0,70,0,0,0
848,42.425000000000004,13.400570824917562,-6.021131063933361,-15,-0.7057886325850119,-0.9365478435397351,0,-0.14695370310079559,0.13205818144029455,0,0,70,0,0,0
849,42.475,13.365097862825518,-6.067627457812105,-15,-0.7131266093906594,-0.9232909152452285,0,-0.14656469854214746,0.13307796147065107,0,0,70,0,0,0
850,42.525000000000006,13.32925848982423,-6.113458467964158,-15,-0.7204450354700778,-0.9099327376973212,0,-0.1461716758382521,0.13408314800288013,0,0,70,0,0,0
851,42.575,13.29305368846822,-6.158619068502782,-15,-0.7277437101849185,-0.8964747757707154,0,-0.14577464576402563,0.1350736308069509,0,0,70,0,0,0
852,42.625,13.2564844513304,-6.203104307059216,-15,-0.7350224334383273,-0.8829185052825941,0,-0.14537361920424796,0.13604930126526218,0,0,70,0,0,0
853,42.675000000000004,13.21955178097488,-6.246909305325749,-15,-0.7422810056804293,-0.869265412830781,0,-0.14496860715326484,0.1370100523845535,0,0,70,0,0,0
854,42.725,13.182256689929481,-6.29002925959068,-15,-0.7495192279137997,-0.8555169956307214,0,-0.14455962071468628,0.13795577880763782,0,0,70,0,0,0
855,42.775000000000006,13.144600200657951,-6.332459441265115,-15,-0.7567369016989203,-0.8416747613512895,0,-0.14414667110108195,0.13888637682495564,0,0,70,0,0,0
856,42.825,13.10658334553198,-6.3741951974014786,-15,-0.7639338291596174,-0.8277402279494642,0,-0.14372976963367434,0.13980174438594728,0,0,70,0,0,0
857,42.875,13.068207166802843,-6.4152319512038,-15,-0.77110981298849,-0.8137149235038585,0,-0.1433089277420276,0.14070178111024464,0,0,70,0,0,0
858,42.925000000000004,13.029472716572869,-6.455565202529578,-15,-0.7782646564523165,-0.7996003860471568,0,-0.14288415696373477,0.1415863882986783,0,0,70,0,0,0
859,42.975,12.99038105676658,-6.495190528383288,-15,-0.7853981633974478,-0.7853981633974491,0,-0.1424554689441014,0.14245546894410135,0,0,70,0,0,0
860,43.025000000000006,12.950933259101577,-6.5341035834014205,-15,-0.7925101382551895,-0.7711098129884905,0,-0.14202287543582606,0.14330892774202758,0,0,70,0,0,0
861,43.075,12.911130405059154,-6.5723001003289765,-15,-0.7996003860471571,-0.75673690169892,0,-0.14158638829867828,0.14414667110108198,0,0,70,0,0,0
862,43.125,12.870973585854667,-6.609775890487443,-15,-0.806668712390626,-0.7422810056804285,0,-0.14114601949917344,0.14496860715326487,0,0,70,0,0,0
863,43.175000000000004,12.830463902407597,-6.6465268442341126,-15,-0.8137149235038587,-0.7277437101849175,0,-0.14070178111024462,0.1457746457640257,0,0,70,0,0,0
864,43.225,12.789602465311384,-6.682548931412758,-15,-0.8207388262114179,-0.7131266093906597,0,-0.14025368531091173,0.14656469854214743,0,0,70,0,0,0
865,43.275000000000006,12.748390394802959,-6.717838201795597,-15,-0.8277402279494639,-0.6984313062274746,0,-0.1398017443859473,0.14733867884944007,0,0,70,0,0,0
866,43.325,12.706828820732056,-6.752390785516452,-15,-0.8347189367710306,-0.6836594122009563,0,-0.13934597072554022,0.1480965018102409,0,0,70,0,0,0
867,43.375,12.664918882530225,-6.786202893495148,-15,-0.8416747613512905,-0.6688125472157487,0,-0.13888637682495558,0.14883808432072235,0,0,70,0,0,0
868,43.425000000000004,12.622661729179589,-6.819270817853017,-15,-0.8486075109927987,-0.6538923393979065,0,-0.13842297528419228,0.14956334505800523,0,0,70,0,0,0
869,43.475,12.580058519181364,-6.851590932319504,-15,-0.855516995630721,-0.6389004249163548,0,-0.13795577880763785,0.15027220448907672,0,0,70,0,0,0
870,43.525000000000006,12.537110420524053,-6.883159692629859,-15,-0.8624030258380486,-0.6238384478034541,0,-0.1374848002037194,0.1509645848795123,0,0,70,0,0,0
871,43.575,12.49381861065149,-6.913973636913756,-15,-0.8692654128307825,-0.6087080597747326,0,-0.1370100523845534,0.15164041030199954,0,0,70,0,0,0
872,43.625,12.450184276430512,-6.944029386074961,-15,-0.8761039684731166,-0.5935109200477418,0,-0.13653154836559123,0.15229960664466505,0,0,70,0,0,0
873,43.675000000000004,12.406208614118423,-6.973323644161889,-15,-0.8829185052825953,-0.578248695160105,0,-0.1360493012652621,0.15294210161920144,0,0,70,0,0,0
874,43.725,12.361892829330234,-7.001853198729014,-15,-0.8897088364352477,-0.562923058786776,0,-0.13556332430461404,0.1535678247687944,0,0,70,0,0,0
875,43.775000000000006,12.317238137005562,-7.029614921189186,-15,-0.8964747757707155,-0.5475356915564846,0,-0.13507363080695087,0.15417670747584936,0,0,70,0,0,0
876,43.825,12.272245761375352,-7.056605767156691,-15,-0.9032161377973558,-0.5320882808674463,0,-0.13458023419746712,0.15476868296951604,0,0,70,0,0,0
877,43.875,12.226916935928314,-7.082822776781108,-15,-0.9099327376973215,-0.516582520702321,0,-0.1340831480028801,0.1553436863330106,0,0,70,0,0,0
878,43.925000000000004,12.181252903377091,-7.1082630750718945,-15,-0.9166243913316341,-0.5010201114424448,0,-0.13358238585105897,0.15590165451073454,0,0,70,0,0,0
879,43.975,12.135254915624213,-7.132923872213651,-15,-0.9232909152452282,-0.48540275968136687,0,-0.13307796147065112,0.15644252631518935,0,0,70,0,0,0
880,44.025000000000006,12.088924233727736,-7.156802463872077,-15,-0.9299321266719843,-0.46973217803769657,0,-0.13256988869070563,0.1569662424336867,0,0,70,0,0,0
881,44.075,12.042262127866717,-7.179896231490505,-15,-0.9365478435397361,-0.45401008496730394,0,-0.1320581814402945,0.1574727454348524,0,0,70,0,0,0
882,44.125,11.995269877306356,-7.202202642577074,-15,-0.9431378844752631,-0.43823820457486595,0,-0.13154285374813046,0.15796197977492463,0,0,70,0,0,0
883,44.175000000000004,11.947948770362945,-7.223719250982436,-15,-0.9497020688092642,-0.422418266424802,0,-0.13102391974218255,0.15843389180384482,0,0,70,0,0,0
884,44.225,11.900300104368528,-7.244443697168013,-15,-0.9562402165813105,-0.4065520053516021,0,-0.13050139364928862,0.15888842977114107,0,0,70,0,0,0
885,44.275000000000006,11.852325185635355,-7.264373708464734,-15,-0.9627521485447782,-0.39064116126959064,0,-0.12997528979476547,0.159325543831603,0,0,70,0,0,0
886,44.325,11.80402532942006,-7.28350709932227,-15,-0.9692376861717622,-0.37468747898212157,0,-0.12944562260201609,0.15974518605074814,0,0,70,0,0,0
887,44.375,11.755401859887593,-7.301841771548703,-15,-0.9756966516579738,-0.3586927079902353,0,-0.12891240659213402,0.1601473104100782,0,0,70,0,0,0
888,44.425000000000004,11.706456110074946,-7.319375714540605,-15,-0.9821288679276096,-0.3426586023008212,0,-0.12837565638350565,0.1605318728121256,0,0,70,0,0,0
889,44.475,11.657189421854564,-7.336107005503542,-15,-0.9885341586382121,-0.3265869202342533,0,-0.127835386691409,0.1608988310852894,0,0,70,0,0,0
890,44.525000000000006,11.60760314589759,-7.352033809662915,-15,-0.9949123481855024,-0.310479424231579,0,-0.1272916123276106,0.16124814498845969,0,0,70,0,0,0
891,44.575,11.557698641636838,-7.367154380465165,-15,-1.0012632617081896,-0.2943378806612552,0,-0.1267443481999594,0.16157977621543052,0,0,70,0,0,0
892,44.625,11.507477277229492,-7.381467059769315,-15,-1.007586725092773,-0.2781640596254292,0,-0.12619360931197776,0.1618936883991008,0,0,70,0,0,0
893,44.675000000000004,11.45694042951963,-7.394970278028787,-15,-1.0138825649783092,-0.2619597347658412,0,-0.1256394107624506,0.16218984711546203,0,0,70,0,0,0
894,44.725,11.406089484000466,-7.407662554463532,-15,-1.0201506087611667,-0.24572668306931955,0,-0.12508176774501115,0.16246821988737356,0,0,70,0,0,0
895,44.775000000000006,11.354925834776346,-7.419542497222412,-15,-1.0263906845997606,-0.22946668467291004,0,-0.1245206955477243,0.16272877618812412,0,0,70,0,0,0
896,44.825,11.303450884524567,-7.430608803535827,-15,-1.032602621419258,-0.21318152266867157,0,-0.12395620955266785,0.16297148744477893,0,0,70,0,0,0
897,44.875,11.25166604445689,-7.440860259858584,-15,-1.0387862489162738,-0.19687298290813515,0,-0.12338832523551045,0.16319632704131376,0,0,70,0,0,0
898,44.925000000000004,11.199572734280867,-7.450295742002974,-15,-1.0449413975635369,-0.18054285380646592,0,-0.12281705816508759,0.163403270321533,0,0,70,0,0,0
899,44.975,11.147172382160917,-7.45891421526205,-15,-1.0510678986145359,-0.16419292614634656,0,-0.1222424240029746,0.16359229459177402,0,0,70,0,0,0
900,45.025000000000006,11.09446642467915,-7.4667147345231,-15,-1.0571655841081522,-0.14782499288158638,0,-0.12166443850305717,0.16376337912339542,0,0,70,0,0,0
901,45.075,11.041456306796011,-7.473696444371283,-15,-1.0632342868732576,-0.13144084894051908,0,-0.12108311751109974,0.16391650515505043,0,0,70,0,0,0
902,45.125,10.988143481810681,-7.4798585791834356,-15,-1.0692738405332982,-0.11504229102916451,0,-0.12049847696431115,0.16405165589474405,0,0,70,0,0,0
903,45.175000000000004,10.934529411321172,-7.485200463212037,-15,-1.0752840795108614,-0.09863111743418841,0,-0.11991053289090718,0.1641688165216747,0,0,70,0,0,0
904,45.225,10.880615565184312,-7.4897215106593045,-15,-1.0812648390322086,-0.08220912782571398,0,-0.11931930140967162,0.16426797418785932,0,0,70,0,0,0
905,45.275000000000006,10.826403421475433,-7.493421225741438,-15,-1.0872159551317964,-0.06577812305996217,0,-0.11872479872951425,0.16434911801954244,0,0,70,0,0,0
906,45.325,10.771894466447833,-7.496299202742987,-15,-1.0931372646567714,-0.04933990498176339,0,-0.11812704114902627,0.16441223911838854,0,0,70,0,0,0
907,45.375,10.717090194492048,-7.498355126061341,-15,-1.0990286052714415,-0.03289627622697316,0,-0.11752604505603369,0.1644573305624577,0,0,70,0,0,0
908,45.425000000000004,10.661992108094884,-7.499588770241341,-15,-1.1048898154617277,-0.0164490400247873,0,-0.11692182692714807,0.16448438740696503,0,0,70,0,0,0
909,45.475,10.606601717798213,-7.5,-15,-1.1107207345395913,-2.885506040582684e-16,0,-0.11631440332731466,0.16449340668482262,0,0,70,0,0,0
910,45.525000000000006,10.550920542157563,-7.499588770241341,-15,-1.1165212026474411,0.01644904002478672,0,-0.11570379090935823,0.16448438740696503,0,0,70,0,0,0
911,45.575,10.494950107700479,-7.498355126061341,-15,-1.1222910607625145,0.03289627622697397,0,-0.11509000641352654,0.1644573305624577,0,0,70,0,0,0
912,45.625,10.438691948884712,-7.4962992027429864,-15,-1.1280301507012356,0.0493399049817642,0,-0.11447306666703178,0.1644122391183885,0,0,70,0,0,0
913,45.675000000000004,10.382147608056101,-7.493421225741438,-15,-1.133738315123554,0.06577812305996159,0,-0.11385298858358872,0.16434911801954244,0,0,70,0,0,0
914,45.725,10.325318635406308,-7.489721510659304,-15,-1.1394153975372598,0.0822091278257148,0,-0.11322978916295118,0.16426797418785932,0,0,70,0,0,0
915,45.775000000000006,10.268206588930328,-7.485200463212037,-15,-1.145061242302271,0.09863111743418922,0,-0.11260348549044612,0.1641688165216747,0,0,70,0,0,0
916,45.825,10.210813034383769,-7.4798585791834356,-15,-1.1506756946349,0.11504229102916391,0,-0.11197409473650514,0.16405165589474405,0,0,70,0,0,0
917,45.875,10.153139545239906,-7.473696444371282,-15,-1.156258600612102,0.1314408489405213,0,-0.11134163415619354,0.16391650515505043,0,0,70,0,0,0
918,45.925000000000004,10.0951877026466,-7.4667147345231,-15,-1.1618098071756875,0.1478249928815858,0,-0.11070612108873783,0.16376337912339542,0,0,70,0,0,0
919,45.975,10.036959095382874,-7.458914215262051,-15,-1.167329162136525,0.16419292614634456,0,-0.11006757295704964,0.16359229459177405,0,0,70,0,0,0
920,46.025000000000006,9.978455319815415,-7.450295742002973,-15,-1.1728165141787108,0.1805428538064667,0,-0.1094260072672486,0.16340327032153298,0,0,70,0,0,0
921,46.075,9.919677979854777,-7.440860259858584,-15,-1.1782717128637166,0.1968729829081359,0,-0.10878144160818211,0.16319632704131376,0,0,70,0,0,0
922,46.125,9.860628686911435,-7.430608803535827,-15,-1.1836946086345146,0.21318152266867238,0,-0.1081338936509434,0.16297148744477893,0,0,70,0,0,0
923,46.175000000000004,9.80130905985158,-7.4195424972224115,-15,-1.1890850528196777,0.22946668467291084,0,-0.10748338114838683,0.1627287761881241,0,0,70,0,0,0
924,46.225,9.741720724952756,-7.407662554463533,-15,-1.194442897637455,0.24572668306931902,0,-0.10682992193464126,0.1624682198873736,0,0,70,0,0,0
925,46.275000000000006,9.681865315859257,-7.3949702780287865,-15,-1.1997679961998255,0.26195973476584195,0,-0.10617353392462103,0.16218984711546203,0,0,70,0,0,0
926,46.325,9.621744473537367,-7.381467059769314,-15,-1.2050602025165218,0.27816405962543,0,-0.10551423511353511,0.16189368839910076,0,0,70,0,0,0
927,46.375,9.561359846230348,-7.367154380465165,-15,-1.2103193714990337,0.29433788066125466,0,-0.10485204357639345,0.16157977621543052,0,0,70,0,0,0
928,46.425000000000004,9.500713089413248,-7.352033809662912,-15,-1.2155453589645888,0.3104794242315811,0,-0.1041869774675114,0.16124814498845963,0,0,70,0,0,0
929,46.475,9.43980586574756,-7.336107005503542,-15,-1.2207380216400983,0.32658692023425273,0,-0.1035190550200125,0.1608988310852894,0,0,70,0,0,0
930,46.525000000000006,9.37863984503558,-7.319375714540606,-15,-1.2258972171660931,0.3426586023008206,0,-0.10284829454532797,0.1605318728121256,0,0,70,0,0,0
931,46.575,9.317216704174653,-7.301841771548701,-15,-1.2310228041006224,0.35869270799023745,0,-0.10217471443269494,0.16014731041007818,0,0,70,0,0,0
932,46.625,9.25553812711123,-7.283507099322271,-15,-1.23611464192313,0.374687478982121,0,-0.1014983331486526,0.15974518605074814,0,0,70,0,0,0
933,46.675000000000004,9.193605804794645,-7.264373708464733,-15,-1.2411725910383105,0.39064116126959136,0,-0.10081916923653543,0.159325543831603,0,0,70,0,0,0
934,46.725,9.131421435130807,-7.244443697168012,-15,-1.2461965127799342,0.40655200535160285,0,-0.10013724131596524,0.15888842977114104,0,0,70,0,0,0
935,46.775000000000006,9.068986722935625,-7.223719250982437,-15,-1.2511862694146474,0.4224182664248015,0,-0.09945256808234045,0.15843389180384485,0,0,70,0,0,0
936,46.825,9.00630337988826,-7.202202642577073,-15,-1.2561417241457533,0.43823820457486673,0,-0.09876516830632348,0.15796197977492463,0,0,70,0,0,0
937,46.875,8.943373124484236,-7.179896231490504,-15,-1.2610627411169557,0.45401008496730466,0,-0.09807506083332655,0.1574727454348524,0,0,70,0,0,0
938,46.925000000000004,8.88019768198829,-7.156802463872076,-15,-1.2659491854160894,0.46973217803769735,0,-0.09738226458299461,0.15696624243368668,0,0,70,0,0,0
939,46.975,8.816778784387099,-7.132923872213652,-15,-1.2708009230788149,0.4854027596813663,0,-0.09668679854868688,0.15644252631518937,0,0,70,0,0,0
940,47.025000000000006,8.753118170341763,-7.108263075071893,-15,-1.275617821092294,0.5010201114424456,0,-0.09598868179695587,0.1559016545107345,0,0,70,0,0,0
941,47.075,8.689217585140181,-7.082822776781107,-15,-1.280399747398834,0.5165825207023219,0,-0.09528793346702508,0.1553436863330106,0,0,70,0,0,0
942,47.125,8.625078780649176,-7.05660576715669,-15,-1.2851465708995096,0.5320882808674471,0,-0.09458457277026393,0.15476868296951604,0,0,70,0,0,0
943,47.175000000000004,8.560703515266475,-7.029614921189187,-15,-1.2898581614577567,0.5475356915564841,0,-0.09387861898966127,0.15417670747584938,0,0,70,0,0,0
944,47.225,8.496093553872498,-7.001853198729016,-15,-1.29453438990294,0.5629230587867754,0,-0.0931700914792966,0.15356782476879444,0,0,70,0,0,0
945,47.275000000000006,8.431250667781956,-6.973323644161884,-15,-1.2991751280338955,0.578248695160107,0,-0.09245900966380931,0.15294210161920135,0,0,70,0,0,0
946,47.325,8.366176634695355,-6.944029386074961,-15,-1.3037802486224415,0.5935109200477412,0,-0.09174539303786693,0.15229960664466505,0,0,70,0,0,0
947,47.375,8.300873238650162,-6.913973636913754,-15,-1.308349625416872,0.6087080597747334,0,-0.09102926116562945,0.1516404103019995,0,0,70,0,0,0
948,47.425000000000004,8.23534226997197,-6.883159692629855,-15,-1.3128831331454138,0.6238384478034562,0,-0.09031063368021397,0.15096458487951217,0,0,70,0,0,0
949,47.475,8.16958552522541,-6.8515909323195086,-15,-1.3173806475196617,0.6389004249163531,0,-0.08958953028315624,0.1502722044890768,0,0,70,0,0,0
950,47.525000000000006,8.103604807164826,-6.819270817853015,-15,-1.321842045237988,0.6538923393979073,0,-0.08886597074386984,0.1495633450580052,0,0,70,0,0,0
951,47.575,8.037401924684943,-6.786202893495144,-15,-1.3262672039889207,0.6688125472157507,0,-0.0881399748991051,0.14883808432072224,0,0,70,0,0,0
952,47.625,7.970978692771242,-6.75239078551645,-15,-1.3306560024544962,0.6836594122009568,0,-0.08741156265240506,0.14809650181024084,0,0,70,0,0,0
953,47.675000000000004,7.9043369324501604,-6.717838201795595,-15,-1.3350083203135887,0.6984313062274753,0,-0.08668075397355918,0.14733867884944005,0,0,70,0,0,0
954,47.725,7.837478470739233,-6.68254893141276,-15,-1.339324038245205,0.7131266093906593,0,-0.08594756889805669,0.1465646985421475,0,0,70,0,0,0
955,47.775000000000006,7.770405140596953,-6.646526844234111,-15,-1.343603037931758,0.7277437101849183,0,-0.08521202752653674,0.14577464576402563,0,0,70,0,0,0
956,47.825,7.7031187808725505,-6.60977589048744,-15,-1.3478452020623102,0.7422810056804292,0,-0.08447415002423758,0.14496860715326484,0,0,70,0,0,0
957,47.875,7.635621236255571,-6.572300100328978,-15,-1.352050414335788,0.7567369016989195,0,-0.08373395662044372,0.14414667110108204,0,0,70,0,0,0
958,47.925000000000004,7.567914357225284,-6.534103583401418,-15,-1.3562185594641745,0.7711098129884912,0,-0.08299146760793112,0.1433089277420275,0,0,70,0,0,0
959,47.975,7.499999999999999,-6.495190528383289,-15,-1.3603495231756635,0.7853981633974485,0,-0.08224670334241131,0.14245546894410138,0,0,70,0,0,0
960,48.025000000000006,7.431880026486117,-6.45556520252958,-15,-1.3644431922177989,0.7996003860471564,0,-0.08149968424197275,0.14158638829867834,0,0,70,0,0,0
961,48.075,7.363556304227109,-6.415231951203798,-15,-1.3684994543605766,0.8137149235038592,0,-0.08075043078652129,0.14070178111024462,0,0,70,0,0,0
962,48.125,7.295030706352352,-6.374195197401477,-15,-1.37251819839952,0.8277402279494649,0,-0.0799989635172191,0.13980174438594725,0,0,70,0,0,0
963,48.175000000000004,7.226305111525728,-6.3324594412651125,-15,-1.3764993141587316,0.8416747613512903,0,-0.07924530303592094,0.13888637682495558,0,0,70,0,0,0
964,48.225,7.15738140389413,-6.290029259590682,-15,-1.380442692493912,0.8555169956307208,0,-0.0784894700046096,0.13795577880763785,0,0,70,0,0,0
965,48.275000000000006,7.088261473035806,-6.246909305325743,-15,-1.384348225295352,0.8692654128307828,0,-0.07773148514482925,0.13701005238455338,0,0,70,0,0,0
966,48.325,7.018947213908601,-6.203104307059213,-15,-1.388215805490897,0.8829185052825945,0,-0.07697136923711802,0.13604930126526216,0,0,70,0,0,0
967,48.375,6.9494405267979245,-6.158619068502779,-15,-1.3920453270488824,0.8964747757707161,0,-0.07620914312043726,0.13507363080695084,0,0,70,0,0,0
968,48.425000000000004,6.8797433172647215,-6.113458467964155,-15,-1.3958366849810397,0.9099327376973219,0,-0.0754448276916011,0.13408314800288007,0,0,70,0,0,0
969,48.475,6.809857496093203,-6.067627457812106,-15,-1.3995897753453763,0.923290915245228,0,-0.07467844390470314,0.13307796147065112,0,0,70,0,0,0
970,48.525000000000006,6.739784979238449,-6.021131063933359,-15,-1.4033044952490243,0.9365478435397357,0,-0.07391001277054193,0.1320581814402945,0,0,70,0,0,0
971,48.575,6.6695276877739165,-5.973974385181475,-15,-1.4069807428510606,0.9497020688092636,0,-0.0731395553560453,0.13102391974218264,0,0,70,0,0,0
972,48.625,6.599087547838724,-5.9261625928176755,-15,-1.4106184173653011,0.9627521485447788,0,-0.07236709278369229,0.12997528979476544,0,0,70,0,0,0
973,48.675000000000004,6.528466490584908,-5.877700929943795,-15,-1.4142174190630599,0.9756966516579745,0,-0.07159264623093467,0.128912406592134,0,0,70,0,0,0
974,48.725,6.457666452124433,-5.828594710927285,-15,-1.4177776492758878,0.9885341586382115,0,-0.070816236929616,0.1278353866914091,0,0,70,0,0,0
975,48.775000000000006,6.386689373476087,-5.778849320818418,-15,-1.4212990103982766,1.00126326170819,0,-0.07003788616538913,0.12674434819995933,0,0,70,0,0,0
976,48.825,6.315537200512361,-5.728470214759813,-15,-1.4247814058903312,1.0138825649783094,0,-0.06925761527713374,0.12563941076245055,0,0,70,0,0,0
977,48.875,6.244211883906019,-5.677462917388174,-15,-1.4282247402804193,1.0263906845997604,0,-0.06847544565637034,0.12452069554772432,0,0,70,0,0,0
978,48.925000000000004,6.1727153790766245,-5.625833022228441,-15,-1.431628919167791,1.038786248916275,0,-0.06769139874667401,0.12338832523551037,0,0,70,0,0,0
979,48.975,6.1010496461370005,-5.573586191080455,-15,-1.4349938492251606,1.0510678986145365,0,-0.06690549604308713,0.12224242400297451,0,0,70,0,0,0
980,49.025000000000006,6.0292166498394035,-5.520728153398009,-15,-1.4383194382012716,1.063234286873257,0,-0.06611775909152913,0.12108311751109982,0,0,70,0,0,0
981,49.075,5.957218359521709,-5.467264705660587,-15,-1.4416055949234228,1.0752840795108611,0,-0.06532820948820643,0.11991053289090721,0,0,70,0,0,0
982,49.125,5.885056749053421,-5.413201710737716,-15,-1.4448522292999673,1.0872159551317966,0,-0.0645368688790203,0.11872479872951422,0,0,70,0,0,0
983,49.175000000000004,5.812733796781542,-5.358545097246023,-15,-1.4480592523227835,1.099028605271442,0,-0.06374375895897329,0.11752604505603367,0,0,70,0,0,0
984,49.225,5.740251485476349,-5.3033008588991075,-15,-1.4512265760697154,1.110720734539591,0,-0.06294890147157456,0.11631440332731467,0,0,70,0,0,0
985,49.275000000000006,5.667611802277007,-5.24747505385024,-15,-1.4543541137069826,1.1222910607625143,0,-0.062152318208243476,0.11509000641352655,0,0,70,0,0,0
986,49.325,5.594816738637132,-5.19107380402805,-15,-1.4574417794915604,1.1337383151235543,0,-0.061354031007712716,0.11385298858358871,0,0,70,0,0,0
987,49.375,5.521868290270172,-5.1341032944651674,-15,-1.4604894887735322,1.1450612423022701,0,-0.06055406175542917,0.1126034854904462,0,0,70,0,0,0
988,49.425000000000004,5.448768457094671,-5.076569772619951,-15,-1.4634971579984084,1.1562586006121025,0,-0.059752432382953816,0.11134163415619348,0,0,70,0,0,0
989,49.475,5.375519243179503,-5.018479547691436,-15,-1.4664647047094175,1.1673291621365254,0,-0.05894916486736106,0.11006757295704962,0,0,70,0,0,0
990,49.525000000000006,5.302122656688861,-4.959838989927392,-15,-1.4693920475497675,1.178271712863716,0,-0.05814428123063554,0.10878144160818219,0,0,70,0,0,0
991,49.575,5.22858070982723,-4.900654529925792,-15,-1.472279106264876,1.1890850528196768,0,-0.05733780353906861,0.10748338114838689,0,0,70,0,0,0
992,49.625,5.1548954187842355,-4.840932657929625,-15,-1.47512580170457,1.1997679961998264,0,-0.05652975390265363,0.10617353392462096,0,0,70,0,0,0
993,49.675000000000004,5.081068803679369,-4.780679923115172,-15,-1.4779320558252553,1.2103193714990341,0,-0.05572015447447972,0.10485204357639341,0,0,70,0,0,0
994,49.725,5.007102888506568,-4.719902932873784,-15,-1.4806977916920578,1.2207380216400978,0,-0.05490902745012406,0.10351905502001259,0,0,70,0,0,0
995,49.775000000000006,4.932999701078744,-4.658608352087324,-15,-1.4834229334809323,1.2310228041006226,0,-0.05409639506704362,0.10217471443269487,0,0,70,0,0,0
996,49.825,4.858761272972242,-4.596802902397323,-15,-1.4861074064807398,1.2411725910383105,0,-0.05328227960396596,0.10081916923653547,0,0,70,0,0,0
997,49.875,4.784389639471048,-4.534493361467811,-15,-1.4887511370952968,1.2511862694146478,0,-0.052466703380277535,0.09945256808234039,0,0,70,0,0,0
998,49.925000000000004,4.709886839511078,-4.471686562242121,-15,-1.4913540528453926,1.2610627411169553,0,-0.05164968875541264,0.09807506083332662,0,0,70,0,0,0
999,49.975,4.635254915624213,-4.40838939219355,-15,-1.4939160823707778,1.2708009230788149,0,-0.05083125812823979,0.0966867985486869,0,0,70,0,0,0
1000,50.025000000000006,4.560495913882354,-4.344608792570091,-15,-1.4964371554321187,1.2803997473988338,0,-0.05001143393644813,0.09528793346702509,0,0,70,0,0,0
1001,50.075,4.485611883841305,-4.280351757633242,-15,-1.498917202912923,1.289858161457756,0,-0.04919023865593208,0.09387861898966136,0,0,70,0,0,0
1002,50.125,4.4106048784845555,-4.215625333890977,-15,-1.5013561568214373,1.2991751280338955,0,-0.04836769480017485,0.0924590096638093,0,0,70,0,0,0
1003,50.175000000000004,4.335476954167069,-4.150436619325076,-15,-1.5037539502925072,1.3083496254168727,0,-0.04754382491963199,0.09102926116562934,0,0,70,0,0,0
1004,50.225,4.260230170558845,-4.084792762612708,-15,-1.506110517589414,1.3173806475196612,0,-0.04671865160111249,0.08958953028315632,0,0,70,0,0,0
1005,50.275000000000006,4.184866590588436,-4.018700962342472,-15,-1.5084257941056751,1.3262672039889207,0,-0.04589219746715939,0.08813997489910512,0,0,70,0,0,0
1006,50.325,4.109388280386483,-3.9521684662250776,-15,-1.510699716366815,1.335008320313589,0,-0.04506448517543051,0.08668075397355911,0,0,70,0,0,0
1007,50.375,4.033797309228986,-3.8852025702984774,-15,-1.5129322220321055,1.343603037931758,0,-0.044235537418076454,0.08521202752653675,0,0,70,0,0,0
1008,50.425000000000004,3.958095749480592,-3.817810618127784,-15,-1.5151232498962772,1.3520504143357885,0,-0.04340537692111859,0.08373395662044368,0,0,70,0,0,0
1009,50.475,3.8822856765378084,-3.7499999999999973,-15,-1.5172727398911938,1.3603495231756635,0,-0.04257402644382637,0.08224670334241126,0,0,70,0,0,0
1010,50.525000000000006,3.8063691687720866,-3.681778152113558,-15,-1.5193806330875013,1.3684994543605762,0,-0.04174150877809314,0.08075043078652137,0,0,70,0,0,0
1011,50.575,3.7303483074728225,-3.613152555762865,-15,-1.521446871696243,1.3764993141587316,0,-0.04090784674781112,0.07924530303592096,0,0,70,0,0,0
1012,50.625,3.6542251767903364,-3.544130736517904,-15,-1.523471399070444,1.384348225295352,0,-0.04007306320824605,0.07773148514482928,0,0,70,0,0,0
1013,50.675000000000004,3.5780018636787103,-3.47472026339896,-15,-1.525454159706663,1.3920453270488826,0,-0.03923718104541036,0.07620914312043722,0,0,70,0,0,0
1014,50.725,3.501680457838583,-3.4049287480466024,-15,-1.5273950992465162,1.3995897753453763,0,-0.038400223175435864,0.07467844390470317,0,0,70,0,0,0
1015,50.775000000000006,3.4252630516598424,-3.3347638438869622,-15,-1.5292941644781655,1.4069807428510601,0,-0.037562212543945275,0.0731395553560454,0,0,70,0,0,0
1016,50.825,3.3487517401642686,-3.2642332452924547,-15,-1.531151303337778,1.4142174190630599,0,-0.03672317212542323,0.07159264623093468,0,0,70,0,0,0
1017,50.875,3.2721486209481347,-3.1933446867380417,-15,-1.5329664649109538,1.4212990103982768,0,-0.03588312492258687,0.0700378861653891,0,0,70,0,0,0
1018,50.925000000000004,3.19545579412465,-3.1221059419530097,-15,-1.5347395994341217,1.4282247402804191,0,-0.03504209396575459,0.06847544565637036,0,0,70,0,0,0
1019,50.975,3.11867536226639,-3.050524823068501,-15,-1.5364706582959031,1.4349938492251606,0,-0.03420010231221479,0.06690549604308714,0,0,70,0,0,0
1020,51.025000000000006,3.041809430347685,-2.9786091797608525,-15,-1.5381595940384445,1.441605594923423,0,-0.033357173045594025,0.06532820948820639,0,0,70,0,0,0
1021,51.075,2.964860105686895,-2.9063668983907744,-15,-1.539806360358719,1.4480592523227833,0,-0.032513329275224045,0.06374375895897337,0,0,70,0,0,0
1022,51.125,2.887829497888606,-2.833805901138498,-15,-1.5414109121097974,1.454354113706983,0,-0.03166859413550784,0.062152318208243365,0,0,70,0,0,0
1023,51.175000000000004,2.810719718785869,-2.760934145135084,-15,-1.542973205302082,1.4604894887735325,0,-0.030822990785286282,0.06055406175542914,0,0,70,0,0,0
1024,51.225,2.7335328823822156,-2.687759621589756,-15,-1.5444931971045153,1.466464704709417,0,-0.029976542407202215,0.05894916486736116,0,0,70,0,0,0
1025,51.275000000000006,2.6562711047937517,-2.6142903549136163,-15,-1.545970845845755,1.472279106264876,0,-0.029129272207065446,0.05733780353906864,0,0,70,0,0,0
1026,51.325,2.5789365041911436,-2.5405344018396856,-15,-1.5474061110153143,1.4779320558252553,0,-0.028281203413216573,0.055720154474479734,0,0,70,0,0,0
1027,51.375,2.5015312007415327,-2.466499850539373,-15,-1.5487989532646738,1.4834229334809323,0,-0.027432359275889974,0.05409639506704364,0,0,70,0,0,0
1028,51.425000000000004,2.4240573165504142,-2.3921948197355216,-15,-1.5501493344083592,1.4887511370952968,0,-0.026582763066576476,0.05246670338027748,0,0,70,0,0,0
1029,51.475,2.3465169756034645,-2.317627457812107,-15,-1.551457217424989,1.4939160823707778,0,-0.025732438077385383,0.05083125812823981,0,0,70,0,0,0
1030,51.525000000000006,2.268912303708288,-2.24280594192065,-15,-1.5527225664582904,1.498917202912923,0,-0.02488140762040568,0.04919023865593203,0,0,70,0,0,0
1031,51.575,2.191245428436172,-2.1677384770835353,-15,-1.55394534681808,1.5037539502925072,0,-0.02402969502706731,0.047543824919632,0,0,70,0,0,0
1032,51.625,2.1135184790637362,-2.092433295294216,-15,-1.5551255249812168,1.5084257941056753,0,-0.023177323647501264,0.045892197467159335,0,0,70,0,0,0
1033,51.675000000000004,2.0357335865145605,-2.016898654614488,-15,-1.55626306859252,1.512932222032106,0,-0.022324316849899477,0.04423553741807634,0,0,70,0,0,0
1034,51.725,1.9578928833007736,-1.941142838268905,-15,-1.5573579464656568,1.5172727398911938,0,-0.021470698019874276,0.042574026443826386,0,0,70,0,0,0
1035,51.775000000000006,1.879998503464568,-1.865174153736415,-15,-1.5584101285839975,1.5214468716962428,0,-0.02061649055981701,0.0409078467478112,0,0,70,0,0,0
1036,51.825,1.8020525825197025,-1.7890009318393527,-15,-1.5594195861014382,1.5254541597066633,0,-0.019761717888256553,0.03923718104541031,0,0,70,0,0,0
1037,51.875,1.724057257393,-1.712631525829919,-15,-1.5603862913431905,1.5292941644781655,0,-0.01890640343921778,0.03756221254394523,0,0,70,0,0,0
1038,51.925000000000004,1.6460146663656783,-1.6360743104740683,-15,-1.5613102178065421,1.5329664649109538,0,-0.018050570661578145,0.03588312492258689,0,0,70,0,0,0
1039,51.975,1.5679269490147993,-1.5593376811331923,-15,-1.5621913401615823,1.5364706582959031,0,-0.017194243018425637,0.03420010231221473,0,0,70,0,0,0
1040,52.025000000000006,1.4897962461545875,-1.4824300528434482,-15,-1.5630296342518966,1.539806360358719,0,-0.016337443986415245,0.03251332927522406,0,0,70,0,0,0
1041,52.075,1.4116246997777153,-1.405359859392935,-15,-1.5638250770952287,1.542973205302082,0,-0.015480197055125093,0.030822990785286296,0,0,70,0,0,0
1042,52.125,1.3334144529966148,-1.3281355523968668,-15,-1.5645776468841122,1.5459708458457555,0,-0.014622525726412832,0.029129272207065248,0,0,70,0,0,0
1043,52.175000000000004,1.2551676499847293,-1.2507656003707641,-15,-1.5652873229864652,1.5487989532646738,0,-0.013764453513771412,0.02743235927588993,0,0,70,0,0,0
1044,52.225,1.176886435917676,-1.1732584878017334,-15,-1.5659540859461594,1.551457217424989,0,-0.01290600394168385,0.025732438077385403,0,0,70,0,0,0
1045,52.275000000000006,1.0985729569144753,-1.0956227142180872,-15,-1.5665779174835515,1.55394534681808,0,-0.01204720054497873,0.024029695027067335,0,0,70,0,0,0
1046,52.325,1.0202293599787207,-1.0178667932572811,-15,-1.5671588004959842,1.5562630685925198,0,-0.011188066868185067,0.0223243168498995,0,0,70,0,0,0
1047,52.375,0.9418577929396971,-0.9399992517322784,-15,-1.5676967190582567,1.5584101285839977,0,-0.010328626464886605,0.020616490559816885,0,0,70,0,0,0
1048,52.425000000000004,0.8634604043935106,-0.8620286286965009,-15,-1.56819165842306,1.5603862913431905,0,-0.00946890289707621,0.0189064034392178,0,0,70,0,0,0
1049,52.475,0.7850393436441571,-0.7839634745074007,-15,-1.568643605021381,1.5621913401615823,0,-0.008608919734509637,0.017194243018425658,0,0,70,0,0,0
1050,52.525000000000006,0.7065967606446377,-0.7058123498888552,-15,-1.5690525464628762,1.5638250770952287,0,-0.007748700554059778,0.015480197055125038,0,0,70,0,0,0
1051,52.575,0.6281348059379972,-0.6275838249923689,-15,-1.5694184715362083,1.5652873229864652,0,-0.006888268939070074,0.013764453513771506,0,0,70,0,0,0
1052,52.625,0.5496556305983451,-0.5492864784572385,-15,-1.5697413702093572,1.5665779174835515,0,-0.006027648478707748,0.012047200544978747,0,0,70,0,0,0
1053,52.675000000000004,0.4711613861719169,-0.4709288964698428,-15,-1.5700212336298927,1.567696719058257,0,-0.005166862767317459,0.010328626464886479,0,0,70,0,0,0
1054,52.725,0.39265422461810134,-0.39251967182208275,-15,-1.5702580541252178,1.568643605021381,0,-0.004305935403774603,0.00860891973450973,0,0,70,0,0,0
1055,52.775000000000006,0.31413629825035666,-0.3140674029689995,-15,-1.5704518252027784,1.5694184715362083,0,-0.003444889990837377,0.006888268939070094,0,0,70,0,0,0
1056,52.825,0.235609759677304,-0.23558069308595606,-15,-1.5706025415502434,1.5700212336298927,0,-0.0025837501345008064,0.005166862767317407,0,0,70,0,0,0
1057,52.875,0.15707676174368562,-0.15706814912517594,-15,-1.5707101990356473,1.5704518252027784,0,-0.0017225394433492713,0.0034448899908373245,0,0,70,0,0,0
1058,52.925000000000004,0.07853945747129065,-0.0785383808718404,-15,-1.570774794707506,1.5707101990356473,0,-0.0008612815279086896,0.0017225394433492184,0,0,70,0,0,0
1059,52.975,8.49830834647197e-15,-8.49830834647197e-15,-15,-1.5707963267948963,1.5707963267948963,0,-9.319437939794908e-17,1.8638875879589816e-16,0,0,70,0,0,0
1060,53.025000000000006,-0.07853945747129364,0.0785383808718434,-15,-1.570774794707506,1.5707101990356473,0,0.0008612815279087224,-0.0017225394433492839,0,0,70,0,0,0
1061,53.075,-0.1570767617436886,0.15706814912517889,-15,-1.5707101990356473,1.5704518252027784,0,0.0017225394433493038,-0.003444889990837389,0,0,70,0,0,0
1062,53.125,-0.23560975967730696,0.23558069308595903,-15,-1.5706025415502434,1.5700212336298927,0,0.002583750134500839,-0.005166862767317472,0,0,70,0,0,0
1063,53.175000000000004,-0.31413629825035966,0.3140674029690025,-15,-1.5704518252027784,1.5694184715362078,0,0.00344488999083741,-0.00688826893907016,0,0,70,0,0,0
1064,53.225,-0.3926542246180976,0.39251967182207914,-15,-1.5702580541252178,1.568643605021381,0,0.004305935403774562,-0.00860891973450965,0,0,70,0,0,0
1065,53.275000000000006,-0.4711613861719199,0.4709288964698458,-15,-1.5700212336298927,1.5676967190582567,0,0.005166862767317492,-0.010328626464886543,0,0,70,0,0,0
1066,53.325,-0.5496556305983481,0.5492864784572417,-15,-1.5697413702093572,1.5665779174835515,0,0.006027648478707781,-0.012047200544978817,0,0,70,0,0,0
1067,53.375,-0.6281348059379935,0.6275838249923652,-15,-1.5694184715362083,1.5652873229864652,0,0.006888268939070035,-0.013764453513771424,0,0,70,0,0,0
1068,53.425000000000004,-0.7065967606446407,0.7058123498888582,-15,-1.5690525464628762,1.5638250770952287,0,0.007748700554059811,-0.015480197055125105,0,0,70,0,0,0
1069,53.475,-0.7850393436441535,0.783963474507397,-15,-1.568643605021381,1.5621913401615823,0,0.008608919734509599,-0.01719424301842558,0,0,70,0,0,0
1070,53.525000000000006,-0.863460404393507,0.8620286286964973,-15,-1.56819165842306,1.5603862913431905,0,0.009468902897076172,-0.01890640343921772,0,0,70,0,0,0
1071,53.575,-0.9418577929397002,0.9399992517322813,-15,-1.5676967190582567,1.5584101285839977,0,0.010328626464886638,-0.020616490559816947,0,0,70,0,0,0
1072,53.625,-1.0202293599787238,1.017866793257284,-15,-1.5671588004959842,1.5562630685925198,0,0.011188066868185102,-0.02232431684989956,0,0,70,0,0,0
1073,53.675000000000004,-1.0985729569144782,1.09562271421809,-15,-1.5665779174835515,1.5539453468180797,0,0.012047200544978761,-0.024029695027067397,0,0,70,0,0,0
1074,53.725,-1.1768864359176723,1.1732584878017296,-15,-1.5659540859461594,1.551457217424989,0,0.012906003941683808,-0.02573243807738532,0,0,70,0,0,0
1075,53.775000000000006,-1.2551676499847322,1.250765600370767,-15,-1.5652873229864652,1.5487989532646738,0,0.013764453513771445,-0.02743235927588999,0,0,70,0,0,0
1076,53.825,-1.3334144529966243,1.3281355523968763,-15,-1.564577646884112,1.545970845845755,0,0.014622525726412936,-0.02912927220706546,0,0,70,0,0,0
1077,53.875,-1.4116246997777182,1.405359859392938,-15,-1.5638250770952287,1.5429732053020817,0,0.015480197055125124,-0.03082299078528636,0,0,70,0,0,0
1078,53.925000000000004,-1.4897962461545837,1.4824300528434446,-15,-1.5630296342518968,1.5398063603587195,0,0.016337443986415203,-0.03251332927522398,0,0,70,0,0,0
1079,53.975,-1.5679269490147958,1.5593376811331887,-15,-1.5621913401615823,1.5364706582959033,0,0.017194243018425596,-0.03420010231221465,0,0,70,0,0,0
1080,54.025000000000006,-1.6460146663656812,1.6360743104740711,-15,-1.5613102178065421,1.5329664649109538,0,0.018050570661578176,-0.035883124922586954,0,0,70,0,0,0
1081,54.075,-1.7240572573929964,1.7126315258299154,-15,-1.5603862913431905,1.5292941644781657,0,0.01890640343921774,-0.03756221254394515,0,0,70,0,0,0
1082,54.125,-1.8020525825197053,1.7890009318393556,-15,-1.5594195861014382,1.525454159706663,0,0.019761717888256588,-0.03923718104541037,0,0,70,0,0,0
1083,54.175000000000004,-1.879998503464571,1.865174153736418,-15,-1.5584101285839975,1.5214468716962426,0,0.02061649055981704,-0.04090784674781126,0,0,70,0,0,0
1084,54.225,-1.9578928833007698,1.9411428382689018,-15,-1.5573579464656568,1.517272739891194,0,0.021470698019874234,-0.04257402644382632,0,0,70,0,0,0
1085,54.275000000000006,-2.0357335865145636,2.016898654614491,-15,-1.5562630685925198,1.5129322220321058,0,0.02232431684989951,-0.044235537418076405,0,0,70,0,0,0
1086,54.325,-2.113518479063746,2.0924332952942253,-15,-1.5551255249812166,1.508425794105675,0,0.023177323647501368,-0.04589219746715954,0,0,70,0,0,0
1087,54.375,-2.1912454284361758,2.167738477083538,-15,-1.55394534681808,1.5037539502925072,0,0.024029695027067352,-0.04754382491963206,0,0,70,0,0,0
1088,54.425000000000004,-2.2689123037082912,2.2428059419206527,-15,-1.5527225664582902,1.498917202912923,0,0.024881407620405718,-0.049190238655932084,0,0,70,0,0,0
1089,54.475,-2.346516975603461,2.3176274578121037,-15,-1.551457217424989,1.493916082370778,0,0.02573243807738534,-0.050831258128239735,0,0,70,0,0,0
1090,54.525000000000006,-2.424057316550417,2.3921948197355243,-15,-1.550149334408359,1.4887511370952966,0,0.026582763066576504,-0.05246670338027754,0,0,70,0,0,0
1091,54.575,-2.5015312007415353,2.466499850539376,-15,-1.5487989532646735,1.4834229334809323,0,0.02743235927589,-0.05409639506704371,0,0,70,0,0,0
1092,54.625,-2.57893650419114,2.5405344018396825,-15,-1.5474061110153146,1.4779320558252553,0,0.028281203413216535,-0.055720154474479665,0,0,70,0,0,0
1093,54.675000000000004,-2.6562711047937544,2.614290354913619,-15,-1.545970845845755,1.4722791062648755,0,0.029129272207065477,-0.0573378035390687,0,0,70,0,0,0
1094,54.725,-2.733532882382212,2.6877596215897523,-15,-1.5444931971045155,1.4664647047094175,0,0.029976542407202177,-0.058949164867361084,0,0,70,0,0,0
1095,54.775000000000006,-2.810719718785865,2.76093414513508,-15,-1.542973205302082,1.4604894887735327,0,0.030822990785286237,-0.060554061755429045,0,0,70,0,0,0
1096,54.825,-2.8878294978886085,2.8338059011385006,-15,-1.5414109121097974,1.4543541137069826,0,0.03166859413550787,-0.06215231820824342,0,0,70,0,0,0
1097,54.875,-2.9648601056868977,2.9063668983907776,-15,-1.539806360358719,1.448059252322783,0,0.03251332927522407,-0.06374375895897344,0,0,70,0,0,0
1098,54.925000000000004,-3.041809430347688,2.978609179760855,-15,-1.5381595940384443,1.4416055949234228,0,0.03335717304559406,-0.06532820948820645,0,0,70,0,0,0
1099,54.975,-3.118675362266386,3.050524823068498,-15,-1.5364706582959031,1.4349938492251606,0,0.03420010231221474,-0.06690549604308707,0,0,70,0,0,0
1100,55.025000000000006,-3.195455794124653,3.122105941953013,-15,-1.5347395994341215,1.428224740280419,0,0.03504209396575463,-0.06847544565637043,0,0,70,0,0,0
1101,55.075,-3.272148620948138,3.193344686738044,-15,-1.5329664649109538,1.4212990103982766,0,0.035883124922586905,-0.07003788616538915,0,0,70,0,0,0
1102,55.125,-3.348751740164265,3.264233245292451,-15,-1.5311513033377782,1.4142174190630603,0,0.0367231721254232,-0.0715926462309346,0,0,70,0,0,0
1103,55.175000000000004,-3.4252630516598392,3.3347638438869587,-15,-1.5292941644781655,1.4069807428510606,0,0.037562212543945234,-0.07313955535604531,0,0,70,0,0,0
1104,55.225,-3.5016804578385794,3.4049287480465993,-15,-1.5273950992465164,1.3995897753453765,0,0.03840022317543582,-0.07467844390470309,0,0,70,0,0,0
1105,55.275000000000006,-3.5780018636787196,3.474720263398969,-15,-1.525454159706663,1.3920453270488815,0,0.03923718104541046,-0.07620914312043742,0,0,70,0,0,0
1106,55.325,-3.654225176790333,3.5441307365179004,-15,-1.5234713990704443,1.3843482252953523,0,0.04007306320824601,-0.07773148514482921,0,0,70,0,0,0
1107,55.375,-3.7303483074728185,3.6131525557628614,-15,-1.5214468716962435,1.3764993141587318,0,0.040907846747811075,-0.07924530303592088,0,0,70,0,0,0
1108,55.425000000000004,-3.806369168772089,3.681778152113561,-15,-1.5193806330875013,1.368499454360576,0,0.04174150877809317,-0.08075043078652143,0,0,70,0,0,0
1109,55.475,-3.8822856765378053,3.7499999999999947,-15,-1.517272739891194,1.360349523175664,0,0.04257402644382633,-0.0822467033424112,0,0,70,0,0,0
1110,55.525000000000006,-3.958095749480602,3.817810618127792,-15,-1.515123249896277,1.3520504143357877,0,0.0434053769211187,-0.08373395662044386,0,0,70,0,0,0
1111,55.575,-4.033797309228989,3.8852025702984796,-15,-1.5129322220321055,1.3436030379317576,0,0.04423553741807649,-0.0852120275265368,0,0,70,0,0,0
1112,55.625,-4.109388280386479,3.9521684662250753,-15,-1.510699716366815,1.3350083203135894,0,0.04506448517543048,-0.08668075397355907,0,0,70,0,0,0
1113,55.675000000000004,-4.184866590588446,4.01870096234248,-15,-1.5084257941056751,1.3262672039889194,0,0.045892197467159494,-0.08813997489910529,0,0,70,0,0,0
1114,55.725,-4.260230170558842,4.084792762612705,-15,-1.506110517589414,1.3173806475196614,0,0.04671865160111246,-0.08958953028315624,0,0,70,0,0,0
1115,55.775000000000006,-4.335476954167078,4.150436619325085,-15,-1.503753950292507,1.3083496254168716,0,0.047543824919632084,-0.09102926116562954,0,0,70,0,0,0
1116,55.825,-4.410604878484558,4.215625333890978,-15,-1.5013561568214373,1.2991751280338952,0,0.048367694800174874,-0.09245900966380931,0,0,70,0,0,0
1117,55.875,-4.485611883841301,4.280351757633238,-15,-1.498917202912923,1.2898581614577564,0,0.049190238655932035,-0.09387861898966128,0,0,70,0,0,0
1118,55.925000000000004,-4.560495913882357,4.344608792570094,-15,-1.4964371554321185,1.2803997473988333,0,0.05001143393644816,-0.09528793346702516,0,0,70,0,0,0
1119,55.975,-4.635254915624209,4.408389392193547,-15,-1.493916082370778,1.270800923078815,0,0.05083125812823975,-0.09668679854868682,0,0,70,0,0,0
1120,56.025000000000006,-4.70988683951108,4.471686562242124,-15,-1.4913540528453926,1.2610627411169548,0,0.051649688755412676,-0.09807506083332669,0,0,70,0,0,0
1121,56.075,-4.78438963947105,4.534493361467813,-15,-1.4887511370952966,1.2511862694146472,0,0.052466703380277556,-0.09945256808234046,0,0,70,0,0,0
1122,56.125,-4.858761272972238,4.596802902397322,-15,-1.48610740648074,1.241172591038311,0,0.05328227960396592,-0.10081916923653542,0,0,70,0,0,0
1123,56.175000000000004,-4.932999701078747,4.6586083520873265,-15,-1.4834229334809323,1.2310228041006224,0,0.054096395067043654,-0.10217471443269494,0,0,70,0,0,0
1124,56.225,-5.007102888506564,4.719902932873781,-15,-1.480697791692058,1.2207380216400983,0,0.05490902745012403,-0.10351905502001252,0,0,70,0,0,0
1125,56.275000000000006,-5.081068803679372,4.780679923115174,-15,-1.4779320558252553,1.2103193714990337,0,0.05572015447447974,-0.10485204357639345,0,0,70,0,0,0
1126,56.325,-5.154895418784238,4.840932657929627,-15,-1.47512580170457,1.199767996199826,0,0.05652975390265365,-0.10617353392462099,0,0,70,0,0,0
1127,56.375,-5.228580709827227,4.900654529925791,-15,-1.472279106264876,1.1890850528196775,0,0.05733780353906858,-0.10748338114838685,0,0,70,0,0,0
1128,56.425000000000004,-5.302122656688857,4.959838989927389,-15,-1.4693920475497675,1.1782717128637166,0,0.05814428123063549,-0.10878144160818212,0,0,70,0,0,0
1129,56.475,-5.3755192431795,5.018479547691434,-15,-1.4664647047094175,1.1673291621365258,0,0.058949164867361036,-0.11006757295704957,0,0,70,0,0,0
1130,56.525000000000006,-5.448768457094685,5.076569772619964,-15,-1.4634971579984077,1.1562586006121003,0,0.05975243238295397,-0.11134163415619378,0,0,70,0,0,0
1131,56.575,-5.521868290270168,5.134103294465165,-15,-1.4604894887735325,1.145061242302271,0,0.06055406175542914,-0.11260348549044615,0,0,70,0,0,0
1132,56.625,-5.594816738637128,5.191073804028047,-15,-1.4574417794915606,1.1337383151235547,0,0.061354031007712674,-0.11385298858358864,0,0,70,0,0,0
1133,56.675000000000004,-5.667611802277009,5.247475053850242,-15,-1.4543541137069826,1.122291060762514,0,0.06215231820824351,-0.1150900064135266,0,0,70,0,0,0
1134,56.725,-5.740251485476345,5.303300858899105,-15,-1.4512265760697156,1.1107207345395917,0,0.06294890147157452,-0.11631440332731462,0,0,70,0,0,0
1135,56.775000000000006,-5.812733796781551,5.358545097246029,-15,-1.4480592523227833,1.0990286052714402,0,0.06374375895897338,-0.1175260450560338,0,0,70,0,0,0
1136,56.825,-5.885056749053423,5.4132017107377175,-15,-1.4448522292999673,1.0872159551317964,0,0.06453686887902033,-0.11872479872951426,0,0,70,0,0,0
1137,56.875,-5.957218359521706,5.467264705660584,-15,-1.441605594923423,1.0752840795108618,0,0.06532820948820639,-0.11991053289090715,0,0,70,0,0,0
1138,56.925000000000004,-6.029216649839407,5.520728153398011,-15,-1.4383194382012714,1.0632342868732565,0,0.06611775909152917,-0.12108311751109985,0,0,70,0,0,0
1139,56.975,-6.101049646137003,5.573586191080457,-15,-1.4349938492251604,1.0510678986145363,0,0.06690549604308715,-0.12224242400297455,0,0,70,0,0,0
1140,57.025000000000006,-6.17271537907664,5.625833022228452,-15,-1.4316289191677898,1.0387862489162725,0,0.06769139874667418,-0.1233883252355106,0,0,70,0,0,0
1141,57.075,-6.24421188390602,5.677462917388175,-15,-1.4282247402804191,1.0263906845997597,0,0.06847544565637037,-0.12452069554772435,0,0,70,0,0,0
1142,57.125,-6.315537200512358,5.728470214759811,-15,-1.4247814058903312,1.0138825649783103,0,0.0692576152771337,-0.12563941076245053,0,0,70,0,0,0
1143,57.175000000000004,-6.38668937347609,5.778849320818419,-15,-1.4212990103982763,1.0012632617081894,0,0.07003788616538917,-0.1267443481999594,0,0,70,0,0,0
1144,57.225,-6.457666452124429,5.828594710927283,-15,-1.417777649275888,0.988534158638212,0,0.07081623692961596,-0.12783538669140904,0,0,70,0,0,0
1145,57.275000000000006,-6.528466490584916,5.877700929943801,-15,-1.4142174190630596,0.9756966516579728,0,0.07159264623093475,-0.1289124065921341,0,0,70,0,0,0
1146,57.325,-6.599087547838726,5.926162592817677,-15,-1.4106184173653007,0.9627521485447782,0,0.0723670927836923,-0.12997528979476547,0,0,70,0,0,0
1147,57.375,-6.669527687773914,5.973974385181473,-15,-1.4069807428510608,0.949702068809264,0,0.07313955535604527,-0.13102391974218255,0,0,70,0,0,0
1148,57.425000000000004,-6.739784979238451,6.021131063933361,-15,-1.4033044952490241,0.9365478435397352,0,0.07391001277054196,-0.13205818144029455,0,0,70,0,0,0
1149,57.475,-6.8098574960932,6.0676274578121046,-15,-1.3995897753453763,0.9232909152452287,0,0.07467844390470313,-0.13307796147065107,0,0,70,0,0,0
1150,57.525000000000006,-6.879743317264724,6.113458467964157,-15,-1.3958366849810395,0.9099327376973214,0,0.07544482769160113,-0.1340831480028801,0,0,70,0,0,0
1151,57.575,-6.949440526797927,6.158619068502781,-15,-1.3920453270488822,0.8964747757707154,0,0.07620914312043729,-0.13507363080695087,0,0,70,0,0,0
1152,57.625,-7.018947213908597,6.2031043070592125,-15,-1.3882158054908973,0.8829185052825953,0,0.07697136923711798,-0.13604930126526213,0,0,70,0,0,0
1153,57.675000000000004,-7.088261473035809,6.246909305325745,-15,-1.384348225295352,0.8692654128307822,0,0.07773148514482928,-0.1370100523845534,0,0,70,0,0,0
1154,57.725,-7.157381403894126,6.29002925959068,-15,-1.380442692493912,0.8555169956307215,0,0.07848947000460954,-0.13795577880763782,0,0,70,0,0,0
1155,57.775000000000006,-7.226305111525731,6.332459441265114,-15,-1.3764993141587314,0.8416747613512897,0,0.07924530303592098,-0.13888637682495564,0,0,70,0,0,0
1156,57.825,-7.295030706352355,6.3741951974014786,-15,-1.37251819839952,0.8277402279494644,0,0.07999896351721912,-0.13980174438594728,0,0,70,0,0,0
1157,57.875,-7.363556304227106,6.415231951203795,-15,-1.3684994543605769,0.8137149235038598,0,0.08075043078652126,-0.14070178111024453,0,0,70,0,0,0
1158,57.925000000000004,-7.431880026486113,6.455565202529577,-15,-1.3644431922177989,0.7996003860471569,0,0.08149968424197271,-0.14158638829867828,0,0,70,0,0,0
1159,57.975,-7.499999999999996,6.495190528383288,-15,-1.3603495231756635,0.7853981633974492,0,0.08224670334241127,-0.14245546894410135,0,0,70,0,0,0
1160,58.025000000000006,-7.567914357225292,6.534103583401423,-15,-1.356218559464174,0.7711098129884895,0,0.08299146760793119,-0.14330892774202764,0,0,70,0,0,0
1161,58.075,-7.635621236255568,6.5723001003289765,-15,-1.3520504143357883,0.7567369016989202,0,0.08373395662044368,-0.14414667110108198,0,0,70,0,0,0
1162,58.125,-7.703118780872547,6.609775890487438,-15,-1.3478452020623102,0.74228100568043,0,0.08447415002423753,-0.14496860715326476,0,0,70,0,0,0
1163,58.175000000000004,-7.770405140596956,6.646526844234112,-15,-1.3436030379317578,0.7277437101849177,0,0.08521202752653675,-0.14577464576402566,0,0,70,0,0,0
1164,58.225,-7.837478470739231,6.682548931412757,-15,-1.3393240382452052,0.71312660939066,0,0.08594756889805667,-0.14656469854214743,0,0,70,0,0,0
1165,58.275000000000006,-7.904336932450169,6.717838201795599,-15,-1.335008320313588,0.6984313062274735,0,0.08668075397355927,-0.14733867884944013,0,0,70,0,0,0
1166,58.325,-7.970978692771245,6.752390785516452,-15,-1.330656002454496,0.6836594122009564,0,0.08741156265240509,-0.1480965018102409,0,0,70,0,0,0
1167,58.375,-8.037401924684941,6.786202893495142,-15,-1.3262672039889207,0.6688125472157513,0,0.08813997489910508,-0.1488380843207222,0,0,70,0,0,0
1168,58.425000000000004,-8.10360480716483,6.819270817853017,-15,-1.3218420452379875,0.6538923393979066,0,0.08886597074386987,-0.14956334505800523,0,0,70,0,0,0
1169,58.475,-8.169585525225406,6.851590932319507,-15,-1.3173806475196619,0.6389004249163539,0,0.0895895302831562,-0.15027220448907674,0,0,70,0,0,0
1170,58.525000000000006,-8.235342269971976,6.883159692629859,-15,-1.3128831331454134,0.6238384478034543,0,0.09031063368021405,-0.1509645848795123,0,0,70,0,0,0
1171,58.575,-8.300873238650166,6.913973636913756,-15,-1.308349625416872,0.6087080597747329,0,0.0910292611656295,-0.15164041030199954,0,0,70,0,0,0
1172,58.625,-8.366176634695352,6.944029386074961,-15,-1.3037802486224417,0.593510920047742,0,0.09174539303786688,-0.15229960664466505,0,0,70,0,0,0
1173,58.675000000000004,-8.431250667781958,6.973323644161886,-15,-1.2991751280338952,0.5782486951601064,0,0.09245900966380934,-0.1529421016192014,0,0,70,0,0,0
1174,58.725,-8.496093553872495,7.001853198729014,-15,-1.29453438990294,0.5629230587867761,0,0.09317009147929654,-0.1535678247687944,0,0,70,0,0,0
1175,58.775000000000006,-8.560703515266479,7.029614921189188,-15,-1.2898581614577564,0.5475356915564834,0,0.0938786189896613,-0.15417670747584938,0,0,70,0,0,0
1176,58.825,-8.62507878064918,7.056605767156691,-15,-1.2851465708995096,0.5320882808674464,0,0.09458457277026397,-0.15476868296951604,0,0,70,0,0,0
1177,58.875,-8.689217585140177,7.082822776781105,-15,-1.2803997473988342,0.5165825207023225,0,0.09528793346702505,-0.15534368633301054,0,0,70,0,0,0
1178,58.925000000000004,-8.753118170341766,7.108263075071894,-15,-1.2756178210922937,0.501020111442445,0,0.09598868179695592,-0.1559016545107345,0,0,70,0,0,0
1179,58.975,-8.816778784387095,7.132923872213651,-15,-1.270800923078815,0.48540275968136715,0,0.09668679854868684,-0.15644252631518935,0,0,70,0,0,0
1180,59.025000000000006,-8.880197681988292,7.156802463872076,-15,-1.2659491854160894,0.4697321780376968,0,0.09738226458299463,-0.15696624243368668,0,0,70,0,0,0
1181,59.075,-8.943373124484237,7.179896231490505,-15,-1.2610627411169557,0.454010084967304,0,0.09807506083332657,-0.1574727454348524,0,0,70,0,0,0
1182,59.125,-9.006303379888259,7.202202642577072,-15,-1.2561417241457533,0.43823820457486756,0,0.09876516830632347,-0.1579619797749246,0,0,70,0,0,0
1183,59.175000000000004,-9.068986722935621,7.223719250982436,-15,-1.2511862694146478,0.42241826642480224,0,0.09945256808234039,-0.15843389180384482,0,0,70,0,0,0
1184,59.225,-9.131421435130806,7.244443697168011,-15,-1.2461965127799344,0.4065520053516037,0,0.10013724131596521,-0.15888842977114104,0,0,70,0,0,0
1185,59.275000000000006,-9.193605804794654,7.264373708464736,-15,-1.2411725910383098,0.3906411612695895,0,0.10081916923653553,-0.15932554383160308,0,0,70,0,0,0
1186,59.325,-9.255538127111228,7.28350709932227,-15,-1.2361146419231301,0.37468747898212185,0,0.10149833314865259,-0.15974518605074814,0,0,70,0,0,0
1187,59.375,-9.31721670417465,7.3018417715487,-15,-1.2310228041006226,0.3586927079902382,0,0.10217471443269488,-0.16014731041007815,0,0,70,0,0,0
1188,59.425000000000004,-9.378639845035583,7.319375714540607,-15,-1.225897217166093,0.34265860230082,0,0.10284829454532801,-0.16053187281212564,0,0,70,0,0,0
1189,59.475,-9.439805865747557,7.336107005503541,-15,-1.2207380216400983,0.32658692023425345,0,0.10351905502001248,-0.16089883108528938,0,0,70,0,0,0
1190,59.525000000000006,-9.500713089413257,7.352033809662915,-15,-1.215545358964588,0.3104794242315791,0,0.1041869774675115,-0.16124814498845969,0,0,70,0,0,0
1191,59.575,-9.56135984623035,7.367154380465166,-15,-1.2103193714990337,0.29433788066125405,0,0.10485204357639347,-0.16157977621543057,0,0,70,0,0,0
1192,59.625,-9.621744473537364,7.381467059769314,-15,-1.205060202516522,0.2781640596254307,0,0.10551423511353508,-0.16189368839910076,0,0,70,0,0,0
1193,59.675000000000004,-9.68186531585926,7.394970278028787,-15,-1.1997679961998253,0.26195973476584133,0,0.10617353392462107,-0.16218984711546203,0,0,70,0,0,0
1194,59.725,-9.741720724952753,7.407662554463532,-15,-1.1944428976374553,0.24572668306931977,0,0.10682992193464122,-0.16246821988737356,0,0,70,0,0,0
1195,59.775000000000006,-9.801309059851585,7.419542497222413,-15,-1.1890850528196768,0.22946668467290884,0,0.10748338114838689,-0.16272877618812412,0,0,70,0,0,0
1196,59.825,-9.860628686911436,7.430608803535827,-15,-1.1836946086345144,0.2131815226686718,0,0.10813389365094342,-0.16297148744477893,0,0,70,0,0,0
1197,59.875,-9.919677979854775,7.440860259858583,-15,-1.1782717128637168,0.1968729829081367,0,0.1087814416081821,-0.16319632704131373,0,0,70,0,0,0
1198,59.925000000000004,-9.978455319815417,7.450295742002973,-15,-1.1728165141787108,0.1805428538064661,0,0.10942600726724862,-0.16340327032153298,0,0,70,0,0,0
1199,59.975,-10.036959095382873,7.45891421526205,-15,-1.1673291621365254,0.16419292614634534,0,0.11006757295704962,-0.16359229459177402,0,0,70,0,0,0
1200,60.025000000000006,-10.095187702646601,7.4667147345231,-15,-1.161809807175687,0.14782499288158518,0,0.11070612108873784,-0.16376337912339542,0,0,70,0,0,0
1201,60.075,-10.153139545239915,7.473696444371283,-15,-1.1562586006121014,0.13144084894051927,0,0.11134163415619362,-0.16391650515505043,0,0,70,0,0,0
1202,60.125,-10.210813034383765,7.4798585791834356,-15,-1.1506756946349002,0.11504229102916468,0,0.11197409473650509,-0.16405165589474405,0,0,70,0,0,0
1203,60.175000000000004,-10.268206588930331,7.485200463212037,-15,-1.145061242302271,0.09863111743418856,0,0.11260348549044616,-0.1641688165216747,0,0,70,0,0,0
1204,60.225,-10.325318635406306,7.489721510659304,-15,-1.1394153975372603,0.08220912782571554,0,0.11322978916295116,-0.16426797418785932,0,0,70,0,0,0
1205,60.275000000000006,-10.382147608056105,7.493421225741438,-15,-1.1337383151235538,0.06577812305996096,0,0.11385298858358876,-0.16434911801954244,0,0,70,0,0,0
1206,60.325,-10.438691948884715,7.496299202742987,-15,-1.1280301507012354,0.04933990498176358,0,0.11447306666703182,-0.16441223911838854,0,0,70,0,0,0
1207,60.375,-10.494950107700477,7.498355126061341,-15,-1.122291060762515,0.03289627622697474,0,0.11509000641352651,-0.1644573305624577,0,0,70,0,0,0
1208,60.425000000000004,-10.55092054215756,7.499588770241341,-15,-1.1165212026474414,0.016449040024787493,0,0.11570379090935817,-0.16448438740696503,0,0,70,0,0,0
1209,60.475,-10.606601717798211,7.5,-15,-1.1107207345395917,4.809176734304474e-16,0,0.11631440332731464,-0.16449340668482262,0,0,70,0,0,0
1210,60.525000000000006,-10.661992108094893,7.499588770241341,-15,-1.104889815461727,-0.01644904002478932,0,0.11692182692714817,-0.16448438740696503,0,0,70,0,0,0
1211,60.575,-10.717090194492048,7.498355126061341,-15,-1.0990286052714417,-0.032896276226972394,0,0.11752604505603369,-0.1644573305624577,0,0,70,0,0,0
1212,60.625,-10.771894466447831,7.496299202742987,-15,-1.0931372646567719,-0.04933990498176261,0,0.11812704114902624,-0.16441223911838854,0,0,70,0,0,0
1213,60.675000000000004,-10.826403421475435,7.493421225741437,-15,-1.0872159551317961,-0.0657781230599628,0,0.11872479872951426,-0.16434911801954244,0,0,70,0,0,0
1214,60.725,-10.880615565184309,7.4897215106593045,-15,-1.0812648390322088,-0.08220912782571319,0,0.11931930140967159,-0.16426797418785932,0,0,70,0,0,0
1215,60.775000000000006,-10.934529411321178,7.485200463212036,-15,-1.0752840795108607,-0.09863111743419041,0,0.11991053289090724,-0.16416881652167467,0,0,70,0,0,0
1216,60.825,-10.988143481810683,7.4798585791834356,-15,-1.0692738405332978,-0.11504229102916512,0,0.12049847696431117,-0.16405165589474405,0,0,70,0,0,0
1217,60.875,-11.04145630679601,7.473696444371283,-15,-1.0632342868732578,-0.1314408489405183,0,0.12108311751109971,-0.16391650515505043,0,0,70,0,0,0
1218,60.925000000000004,-11.094466424679151,7.466714734523099,-15,-1.057165584108152,-0.14782499288158701,0,0.12166443850305718,-0.16376337912339542,0,0,70,0,0,0
1219,60.975,-11.14717238216091,7.458914215262051,-15,-1.0510678986145365,-0.1641929261463444,0,0.12224242400297451,-0.16359229459177405,0,0,70,0,0,0
1220,61.025000000000006,-11.199572734280874,7.4502957420029725,-15,-1.044941397563536,-0.1805428538064679,0,0.12281705816508766,-0.16340327032153298,0,0,70,0,0,0
1221,61.075,-11.251666044456892,7.440860259858584,-15,-1.0387862489162738,-0.19687298290813576,0,0.12338832523551048,-0.16319632704131376,0,0,70,0,0,0
1222,61.125,-11.303450884524564,7.4306088035358275,-15,-1.0326026214192583,-0.2131815226686708,0,0.12395620955266781,-0.16297148744477896,0,0,70,0,0,0
1223,61.175000000000004,-11.354925834776353,7.419542497222411,-15,-1.0263906845997597,-0.22946668467291206,0,0.12452069554772438,-0.1627287761881241,0,0,70,0,0,0
1224,61.225,-11.406089484000468,7.407662554463532,-15,-1.0201506087611665,-0.24572668306932016,0,0.12508176774501117,-0.16246821988737356,0,0,70,0,0,0
1225,61.275000000000006,-11.456940429519632,7.394970278028787,-15,-1.013882564978309,-0.26195973476584183,0,0.1256394107624506,-0.16218984711546203,0,0,70,0,0,0
1226,61.325,-11.50747727722949,7.3814670597693155,-15,-1.0075867250927735,-0.2781640596254284,0,0.12619360931197773,-0.1618936883991008,0,0,70,0,0,0
1227,61.37500000000001,-11.55769864163684,7.3671543804651645,-15,-1.0012632617081894,-0.2943378806612558,0,0.1267443481999594,-0.16157977621543052,0,0,70,0,0,0
1228,61.425000000000004,-11.607603145897592,7.352033809662914,-15,-0.9949123481855023,-0.3104794242315796,0,0.1272916123276106,-0.16124814498845969,0,0,70,0,0,0
1229,61.475,-11.657189421854559,7.3361070055035436,-15,-0.9885341586382131,-0.32658692023425123,0,0.12783538669140895,-0.16089883108528943,0,0,70,0,0,0
1230,61.525000000000006,-11.706456110074948,7.319375714540605,-15,-0.9821288679276093,-0.3426586023008218,0,0.12837565638350568,-0.1605318728121256,0,0,70,0,0,0
1231,61.575,-11.755401859887595,7.301841771548703,-15,-0.9756966516579737,-0.3586927079902359,0,0.12891240659213402,-0.1601473104100782,0,0,70,0,0,0
1232,61.62500000000001,-11.804025329420064,7.283507099322269,-15,-0.9692376861717621,-0.3746874789821222,0,0.12944562260201614,-0.1597451860507481,0,0,70,0,0,0
1233,61.675000000000004,-11.852325185635356,7.264373708464733,-15,-0.962752148544778,-0.39064116126959125,0,0.1299752897947655,-0.159325543831603,0,0,70,0,0,0
1234,61.725,-11.900300104368524,7.2444436971680135,-15,-0.9562402165813109,-0.40655200535160135,0,0.1305013936492886,-0.1588884297711411,0,0,70,0,0,0
1235,61.775000000000006,-11.947948770362947,7.223719250982435,-15,-0.9497020688092639,-0.4224182664248027,0,0.13102391974218258,-0.1584338918038448,0,0,70,0,0,0
1236,61.825,-11.995269877306358,7.202202642577073,-15,-0.9431378844752629,-0.4382382045748665,0,0.13154285374813046,-0.15796197977492463,0,0,70,0,0,0
1237,61.87500000000001,-12.042262127866723,7.179896231490503,-15,-0.9365478435397351,-0.45401008496730577,0,0.13205818144029455,-0.15747274543485235,0,0,70,0,0,0
1238,61.925000000000004,-12.088924233727738,7.156802463872076,-15,-0.9299321266719843,-0.4697321780376972,0,0.13256988869070566,-0.15696624243368668,0,0,70,0,0,0
1239,61.975,-12.13525491562421,7.132923872213652,-15,-0.9232909152452285,-0.48540275968136615,0,0.13307796147065107,-0.15644252631518937,0,0,70,0,0,0
1240,62.025000000000006,-12.181252903377098,7.108263075071891,-15,-0.9166243913316332,-0.5010201114424467,0,0.13358238585105903,-0.15590165451073448,0,0,70,0,0,0
1241,62.075,-12.226916935928315,7.082822776781107,-15,-0.9099327376973212,-0.5165825207023217,0,0.13408314800288013,-0.1553436863330106,0,0,70,0,0,0
1242,62.12500000000001,-12.272245761375357,7.056605767156688,-15,-0.9032161377973548,-0.5320882808674482,0,0.13458023419746715,-0.15476868296951599,0,0,70,0,0,0
1243,62.175000000000004,-12.317238137005564,7.029614921189184,-15,-0.8964747757707154,-0.5475356915564851,0,0.1350736308069509,-0.15417670747584933,0,0,70,0,0,0
1244,62.225,-12.361892829330236,7.001853198729013,-15,-0.8897088364352473,-0.5629230587867764,0,0.1355633243046141,-0.15356782476879438,0,0,70,0,0,0
1245,62.275000000000006,-12.406208614118432,6.973323644161883,-15,-0.8829185052825941,-0.578248695160108,0,0.13604930126526218,-0.15294210161920133,0,0,70,0,0,0
1246,62.325,-12.450184276430514,6.94402938607496,-15,-0.8761039684731162,-0.5935109200477425,0,0.13653154836559125,-0.15229960664466502,0,0,70,0,0,0
1247,62.37500000000001,-12.493818610651498,6.91397363691375,-15,-0.869265412830781,-0.6087080597747359,0,0.1370100523845535,-0.15164041030199943,0,0,70,0,0,0
1248,62.425000000000004,-12.537110420524057,6.883159692629856,-15,-0.8624030258380476,-0.623838447803456,0,0.13748480020371942,-0.15096458487951223,0,0,70,0,0,0
1249,62.475,-12.58005851918136,6.851590932319506,-15,-0.8555169956307214,-0.6389004249163542,0,0.13795577880763782,-0.15027220448907674,0,0,70,0,0,0
1250,62.525000000000006,-12.622661729179598,6.81927081785301,-15,-0.8486075109927974,-0.6538923393979096,0,0.1384229752841924,-0.1495633450580051,0,0,70,0,0,0
1251,62.575,-12.66491888253023,6.786202893495144,-15,-0.8416747613512895,-0.6688125472157506,0,0.13888637682495564,-0.14883808432072224,0,0,70,0,0,0
1252,62.62500000000001,-12.706828820732058,6.752390785516451,-15,-0.8347189367710304,-0.6836594122009568,0,0.13934597072554022,-0.14809650181024087,0,0,70,0,0,0
1253,62.675000000000004,-12.748390394802957,6.717838201795598,-15,-0.8277402279494642,-0.698431306227474,0,0.13980174438594728,-0.14733867884944013,0,0,70,0,0,0
1254,62.725,-12.789602465311386,6.682548931412756,-15,-0.8207388262114176,-0.7131266093906603,0,0.14025368531091173,-0.14656469854214738,0,0,70,0,0,0
1255,62.775000000000006,-12.8304639024076,6.646526844234111,-15,-0.8137149235038585,-0.7277437101849181,0,0.14070178111024464,-0.14577464576402563,0,0,70,0,0,0
1256,62.825,-12.870973585854665,6.609775890487445,-15,-0.8066687123906263,-0.7422810056804278,0,0.1411460194991734,-0.14496860715326493,0,0,70,0,0,0
1257,62.87500000000001,-12.911130405059156,6.572300100328976,-15,-0.7996003860471568,-0.7567369016989206,0,0.1415863882986783,-0.14414667110108195,0,0,70,0,0,0
1258,62.925000000000004,-12.950933259101575,6.534103583401422,-15,-0.7925101382551898,-0.7711098129884898,0,0.14202287543582606,-0.1433089277420276,0,0,70,0,0,0
1259,62.975,-12.990381056766577,6.495190528383294,-15,-0.7853981633974491,-0.7853981633974471,0,0.14245546894410135,-0.14245546894410147,0,0,70,0,0,0
1260,63.025000000000006,-13.029472716572869,6.455565202529576,-15,-0.7782646564523162,-0.7996003860471572,0,0.14288415696373477,-0.14158638829867826,0,0,70,0,0,0
1261,63.075,-13.068207166802841,6.415231951203801,-15,-0.7711098129884905,-0.8137149235038578,0,0.14330892774202758,-0.1407017811102447,0,0,70,0,0,0
1262,63.12500000000001,-13.10658334553198,6.374195197401477,-15,-0.7639338291596169,-0.8277402279494647,0,0.14372976963367434,-0.13980174438594725,0,0,70,0,0,0
1263,63.175000000000004,-13.144600200657953,6.332459441265113,-15,-0.75673690169892,-0.8416747613512902,0,0.14414667110108198,-0.13888637682495558,0,0,70,0,0,0
1264,63.225,-13.18225668992948,6.290029259590683,-15,-0.7495192279138,-0.8555169956307206,0,0.14455962071468623,-0.13795577880763787,0,0,70,0,0,0
1265,63.275000000000006,-13.219551780974886,6.246909305325744,-15,-0.7422810056804285,-0.8692654128307828,0,0.14496860715326487,-0.13701005238455338,0,0,70,0,0,0
1266,63.325,-13.256484451330401,6.203104307059214,-15,-0.7350224334383271,-0.8829185052825944,0,0.14537361920424796,-0.13604930126526216,0,0,70,0,0,0
1267,63.37500000000001,-13.293053688468225,6.158619068502776,-15,-0.7277437101849175,-0.8964747757707171,0,0.1457746457640257,-0.13507363080695076,0,0,70,0,0,0
1268,63.425000000000004,-13.329258489824232,6.113458467964155,-15,-0.7204450354700775,-0.9099327376973217,0,0.14617167583825216,-0.13408314800288007,0,0,70,0,0,0
1269,63.475,-13.365097862825516,6.067627457812107,-15,-0.7131266093906597,-0.923290915245228,0,0.14656469854214743,-0.13307796147065112,0,0,70,0,0,0
1270,63.525000000000006,-13.400570824917565,6.021131063933355,-15,-0.705788632585011,-0.936547843539737,0,0.1469537031007956,-0.13205818144029444,0,0,70,0,0,0
1271,63.575,-13.435676403591193,5.973974385181471,-15,-0.6984313062274746,-0.9497020688092643,0,0.14733867884944007,-0.13102391974218253,0,0,70,0,0,0
1272,63.62500000000001,-13.470413636409239,5.926162592817672,-15,-0.6910548320228667,-0.9627521485447796,0,0.14771961523377636,-0.12997528979476536,0,0,70,0,0,0
1273,63.675000000000004,-13.504781571032904,5.877700929943796,-15,-0.6836594122009563,-0.9756966516579743,0,0.1480965018102409,-0.128912406592134,0,0,70,0,0,0
1274,63.725,-13.538779265247909,5.828594710927282,-15,-0.6762452495109122,-0.9885341586382125,0,0.14846932824629788,-0.127835386691409,0,0,70,0,0,0
1275,63.775000000000006,-13.572405786990297,5.778849320818415,-15,-0.6688125472157487,-1.001263261708191,0,0.14883808432072235,-0.12674434819995928,0,0,70,0,0,0
1276,63.825,-13.605660214371976,5.728470214759814,-15,-0.6613615090867562,-1.0138825649783094,0,0.14920275992388005,-0.12563941076245058,0,0,70,0,0,0
1277,63.87500000000001,-13.638541635706034,5.677462917388166,-15,-0.6538923393979065,-1.0263906845997621,0,0.14956334505800523,-0.12452069554772416,0,0,70,0,0,0
1278,63.925000000000004,-13.671049149531676,5.625833022228451,-15,-0.6464052429202632,-1.038786248916273,0,0.14991982983747418,-0.12338832523551059,0,0,70,0,0,0
1279,63.975,-13.703181864639008,5.573586191080464,-15,-0.6389004249163548,-1.0510678986145345,0,0.15027220448907672,-0.12224242400297472,0,0,70,0,0,0
1280,64.025,-13.734938900093415,5.520728153398009,-15,-0.6313780911345579,-1.0632342868732567,0,0.15062045935228377,-0.12108311751109982,0,0,70,0,0,0
1281,64.075,-13.766319385259719,5.4672647056605825,-15,-0.6238384478034541,-1.0752840795108618,0,0.1509645848795123,-0.1199105328909071,0,0,70,0,0,0
1282,64.125,-13.79732245982607,5.413201710737707,-15,-0.6162817016261741,-1.0872159551317986,0,0.15130457163638714,-0.11872479872951404,0,0,70,0,0,0
1283,64.17500000000001,-13.827947273827512,5.358545097246019,-15,-0.6087080597747326,-1.0990286052714426,0,0.15164041030199954,-0.11752604505603356,0,0,70,0,0,0
1284,64.225,-13.858192987669298,5.303300858899113,-15,-0.6011177298843471,-1.1107207345395902,0,0.15197209166916287,-0.11631440332731478,0,0,70,0,0,0
1285,64.275,-13.888058772149922,5.247475053850241,-15,-0.5935109200477418,-1.122291060762514,0,0.15229960664466505,-0.11509000641352657,0,0,70,0,0,0
1286,64.325,-13.917543808483797,5.191073804028055,-15,-0.5858878388094547,-1.1337383151235534,0,0.15262294624951736,-0.11385298858358882,0,0,70,0,0,0
1287,64.375,-13.946647288323778,5.134103294465153,-15,-0.578248695160105,-1.145061242302273,0,0.15294210161920144,-0.11260348549044588,0,0,70,0,0,0
1288,64.42500000000001,-13.975368413783238,5.076569772619947,-15,-0.5705936985306796,-1.1562586006121032,0,0.15325706400391137,-0.11134163415619339,0,0,70,0,0,0
1289,64.475,-14.003706397458028,5.018479547691432,-15,-0.562923058786776,-1.1673291621365263,0,0.1535678247687944,-0.11006757295704953,0,0,70,0,0,0
1290,64.525,-14.031660462448011,4.959838989927388,-15,-0.5552369862228568,-1.1782717128637168,0,0.15387437539418714,-0.1087814416081821,0,0,70,0,0,0
1291,64.575,-14.059229842378372,4.900654529925793,-15,-0.5475356915564846,-1.1890850528196768,0,0.15417670747584936,-0.10748338114838692,0,0,70,0,0,0
1292,64.625,-14.086413781420639,4.840932657929626,-15,-0.5398193859225413,-1.199767996199826,0,0.15447481272519437,-0.10617353392462098,0,0,70,0,0,0
1293,64.67500000000001,-14.113211534313383,4.780679923115173,-15,-0.5320882808674463,-1.210319371499034,0,0.15476868296951604,-0.10485204357639344,0,0,70,0,0,0
1294,64.725,-14.139622366382678,4.719902932873775,-15,-0.5243425883433477,-1.2207380216400991,0,0.15505831015221333,-0.1035190550200124,0,0,70,0,0,0
1295,64.775,-14.165645553562216,4.658608352087325,-15,-0.516582520702321,-1.2310228041006224,0,0.1553436863330106,-0.10217471443269488,0,0,70,0,0,0
1296,64.825,-14.19128038241318,4.596802902397324,-15,-0.5088082906905397,-1.2411725910383105,0,0.15562480368817574,-0.10081916923653549,0,0,70,0,0,0
1297,64.875,-14.216526150143789,4.534493361467805,-15,-0.5010201114424448,-1.2511862694146485,0,0.15590165451073454,-0.09945256808234029,0,0,70,0,0,0
1298,64.92500000000001,-14.241382164628558,4.471686562242117,-15,-0.4932181964749078,-1.261062741116956,0,0.15617423121068166,-0.09807506083332652,0,0,70,0,0,0
1299,64.975,-14.265847744427303,4.40838939219355,-15,-0.48540275968136687,-1.2708009230788149,0,0.15644252631518935,-0.0966867985486869,0,0,70,0,0,0
1300,65.025,-14.289922218803792,4.344608792570098,-15,-0.4775740153259698,-1.2803997473988329,0,0.1567065324688117,-0.09528793346702523,0,0,70,0,0,0
1301,65.075,-14.313604927744153,4.280351757633237,-15,-0.46973217803769657,-1.289858161457757,0,0.1569662424336867,-0.09387861898966125,0,0,70,0,0,0
1302,65.125,-14.336895221974956,4.215625333890972,-15,-0.46187746280447883,-1.2991751280338966,0,0.15722164908973446,-0.09245900966380918,0,0,70,0,0,0
1303,65.17500000000001,-14.35979246298101,4.150436619325077,-15,-0.45401008496730394,-1.3083496254168727,0,0.1574727454348524,-0.09102926116562936,0,0,70,0,0,0
1304,65.225,-14.382296023022896,4.084792762612703,-15,-0.44613026021430807,-1.3173806475196619,0,0.15771952458510752,-0.0895895302831562,0,0,70,0,0,0
1305,65.275,-14.404405285154148,4.018700962342468,-15,-0.43823820457486595,-1.3262672039889212,0,0.15796197977492463,-0.08813997489910502,0,0,70,0,0,0
1306,65.325,-14.426119643238167,3.9521684662250904,-15,-0.4303341344136738,-1.3350083203135874,0,0.15820010435727228,-0.0866807539735594,0,0,70,0,0,0
1307,65.375,-14.447438501964871,3.885202570298478,-15,-0.422418266424802,-1.3436030379317578,0,0.15843389180384482,-0.08521202752653675,0,0,70,0,0,0
1308,65.42500000000001,-14.468361276866974,3.817810618127779,-15,-0.4144908176257733,-1.352050414335789,0,0.15866333570524127,-0.08373395662044358,0,0,70,0,0,0
1309,65.475,-14.488887394336025,3.7499999999999982,-15,-0.4065520053516021,-1.3603495231756635,0,0.15888842977114107,-0.08224670334241128,0,0,70,0,0,0
1310,65.525,-14.509016291638154,3.6817781521135475,-15,-0.3986020472488345,-1.3684994543605775,0,0.1591091678304768,-0.08075043078652114,0,0,70,0,0,0
1311,65.575,-14.528747416929468,3.61315255576286,-15,-0.39064116126959064,-1.376499314158732,0,0.159325543831603,-0.07924530303592087,0,0,70,0,0,0
1312,65.625,-14.548080229271202,3.5441307365179044,-15,-0.3826695656655795,-1.384348225295352,0,0.15953755184246238,-0.07773148514482928,0,0,70,0,0,0
1313,65.67500000000001,-14.56701419864454,3.4747202633989667,-15,-0.37468747898212157,-1.3920453270488815,0,0.15974518605074814,-0.07620914312043736,0,0,70,0,0,0
1314,65.725,-14.585548805965146,3.4049287480466095,-15,-0.3666951200521552,-1.3995897753453757,0,0.1599484407640636,-0.07467844390470332,0,0,70,0,0,0
1315,65.775,-14.603683543097405,3.334763843886945,-15,-0.3586927079902353,-1.406980742851062,0,0.1601473104100782,-0.07313955535604502,0,0,70,0,0,0
1316,65.825,-14.621417912868328,3.2642332452924494,-15,-0.35068046218653615,-1.4142174190630605,0,0.16034178953668005,-0.07159264623093457,0,0,70,0,0,0
1317,65.875,-14.63875142908121,3.1933446867380426,-15,-0.3426586023008212,-1.4212990103982768,0,0.1605318728121256,-0.07003788616538911,0,0,70,0,0,0
1318,65.92500000000001,-14.655683616528954,3.1221059419530106,-15,-0.33462734825643137,-1.4282247402804191,0,0.16071755502518598,-0.06847544565637037,0,0,70,0,0,0
1319,65.975,-14.672214011007084,3.0505248230685083,-15,-0.3265869202342533,-1.4349938492251597,0,0.1608988310852894,-0.06690549604308729,0,0,70,0,0,0
1320,66.025,-14.688342159326487,2.9786091797608534,-15,-0.3185375386666814,-1.441605594923423,0,0.1610756960226612,-0.0653282094882064,0,0,70,0,0,0
1321,66.075,-14.70406761932583,2.9063668983907633,-15,-0.310479424231579,-1.4480592523227844,0,0.16124814498845969,-0.06374375895897312,0,0,70,0,0,0
1322,66.125,-14.719389959883678,2.833805901138499,-15,-0.30241279784622493,-1.4543541137069829,0,0.1614161732549094,-0.06215231820824338,0,0,70,0,0,0
1323,66.17500000000001,-14.73430876093033,2.7609341451350846,-15,-0.2943378806612552,-1.4604894887735325,0,0.16157977621543052,-0.06055406175542915,0,0,70,0,0,0
1324,66.225,-14.748823613459317,2.687759621589757,-15,-0.2862548940546034,-1.466464704709417,0,0.16173894938476524,-0.05894916486736118,0,0,70,0,0,0
1325,66.275,-14.76293411953863,2.614290354913611,-15,-0.2781640596254292,-1.4722791062648761,0,0.1618936883991008,-0.05733780353906852,0,0,70,0,0,0
1326,66.325,-14.776639892321608,2.5405344018396865,-15,-0.27006559918804807,-1.4779320558252553,0,0.1620439890161888,-0.055720154474479755,0,0,70,0,0,0
1327,66.375,-14.789940556057575,2.4664998505393676,-15,-0.2619597347658412,-1.483422933480933,0,0.16218984711546203,-0.05409639506704352,0,0,70,0,0,0
1328,66.42500000000001,-14.80283574610211,2.392194819735523,-15,-0.25384668858517906,-1.4887511370952968,0,0.16233125869814694,-0.052466703380277514,0,0,70,0,0,0
1329,66.475,-14.815325108927064,2.3176274578121085,-15,-0.24572668306931955,-1.4939160823707776,0,0.16246821988737356,-0.05083125812823983,0,0,70,0,0,0
1330,66.525,-14.827408302130253,2.2428059419206443,-15,-0.23759994083231445,-1.4989172029129236,0,0.1626007269282818,-0.0491902386559319,0,0,70,0,0,0
1331,66.575,-14.839084994444825,2.1677384770835357,-15,-0.22946668467291004,-1.5037539502925072,0,0.16272877618812412,-0.04754382491963201,0,0,70,0,0,0
1332,66.625,-14.850354865748365,2.09243329529421,-15,-0.22132713756842967,-1.5084257941056758,0,0.16285236415636536,-0.04589219746715921,0,0,70,0,0,0
1333,66.67500000000001,-14.861217607071653,2.0168986546144887,-15,-0.21318152266867157,-1.512932222032106,0,0.16297148744477893,-0.044235537418076364,0,0,70,0,0,0
1334,66.725,-14.871672920607153,1.9411428382689189,-15,-0.20503006328978304,-1.517272739891193,0,0.16308614278753977,-0.042574026443826685,0,0,70,0,0,0
1335,66.775,-14.881720519717168,1.8651741537364033,-15,-0.19687298290813515,-1.5214468716962437,0,0.16319632704131376,-0.04090784674781095,0,0,70,0,0,0
1336,66.825,-14.891360128941683,1.7890009318393536,-15,-0.18871050515421384,-1.5254541597066633,0,0.1633020371853438,-0.039237181045410324,0,0,70,0,0,0
1337,66.875,-14.900591484005949,1.7126315258299067,-15,-0.18054285380646592,-1.5292941644781661,0,0.163403270321533,-0.037562212543944956,0,0,70,0,0,0
1338,66.92500000000001,-14.909414331827696,1.6360743104740625,-15,-0.17237025278518167,-1.532966464910954,0,0.16350002367452374,-0.03588312492258676,0,0,70,0,0,0
1339,66.975,-14.9178284305241,1.5593376811332063,-15,-0.16419292614634656,-1.5364706582959025,0,0.16359229459177402,-0.034200102312215035,0,0,70,0,0,0
1340,67.025,-14.925833549418394,1.4824300528434493,-15,-0.15601109807549687,-1.539806360358719,0,0.16368008054362995,-0.03251332927522409,0,0,70,0,0,0
1341,67.075,-14.9334294690462,1.4053598593929426,-15,-0.14782499288158638,-1.5429732053020815,0,0.16376337912339542,-0.030822990785286462,0,0,70,0,0,0
1342,67.125,-14.940615981161544,1.3281355523968612,-15,-0.13963483499082,-1.5459708458457555,0,0.16384218804739775,-0.029129272207065127,0,0,70,0,0,0
1343,67.17500000000001,-14.947392888742566,1.2507656003707583,-15,-0.13144084894051908,-1.5487989532646742,0,0.16391650515505043,-0.027432359275889797,0,0,70,0,0,0
1344,67.225,-14.95376000599692,1.1732584878017276,-15,-0.1232432593729476,-1.551457217424989,0,0.16398632840891247,-0.02573243807738528,0,0,70,0,0,0
1345,67.275,-14.959717158366871,1.0956227142180879,-15,-0.11504229102916451,-1.55394534681808,0,0.16405165589474405,-0.024029695027067352,0,0,70,0,0,0
1346,67.325,-14.96526418253408,1.0178667932572887,-15,-0.10683816874285966,-1.5562630685925194,0,0.1641124858215592,-0.02232431684989966,0,0,70,0,0,0
1347,67.375,-14.970400926424073,0.9399992517322793,-15,-0.09863111743418841,-1.5584101285839977,0,0.1641688165216747,-0.020616490559816902,0,0,70,0,0,0
1348,67.42500000000001,-14.975127249210427,0.8620286286964887,-15,-0.09042136210360954,-1.5603862913431905,0,0.164220646450756,-0.018906403439217533,0,0,70,0,0,0
1349,67.475,-14.979443021318609,0.7839634745073949,-15,-0.08220912782571398,-1.5621913401615823,0,0.16426797418785932,-0.017194243018425533,0,0,70,0,0,0
1350,67.525,-14.98334812442955,0.7058123498888561,-15,-0.0739946397430514,-1.5638250770952287,0,0.16431079843547097,-0.015480197055125057,0,0,70,0,0,0
1351,67.575,-14.986842451482875,0.6275838249923698,-15,-0.06577812305996217,-1.5652873229864652,0,0.16434911801954244,-0.013764453513771525,0,0,70,0,0,0
1352,67.625,-14.989925906679844,0.5492864784572329,-15,-0.057559803036400264,-1.5665779174835515,0,0.16438293188952308,-0.012047200544978624,0,0,70,0,0,0
1353,67.67500000000001,-14.992598405485975,0.4709288964698504,-15,-0.04933990498176339,-1.5676967190582567,0,0.16441223911838854,-0.010328626464886645,0,0,70,0,0,0
1354,67.725,-14.99485987463336,0.3925196718220837,-15,-0.041118654248707545,-1.568643605021381,0,0.16443703890266625,-0.008608919734509751,0,0,70,0,0,0
1355,67.775,-14.996710252122682,0.3140674029689937,-15,-0.03289627622697316,-1.5694184715362083,0,0.1644573305624577,-0.006888268939069967,0,0,70,0,0,0
1356,67.825,-14.998149487224909,0.2355806930859636,-15,-0.024672996337209954,-1.5700212336298927,0,0.16447311354145674,-0.005166862767317573,0,0,70,0,0,0
1357,67.875,-14.999177540482682,0.15706814912517017,-15,-0.0164490400247873,-1.5704518252027784,0,0.16448438740696503,-0.003444889990837198,0,0,70,0,0,0
1358,67.92500000000001,-14.999794383711402,0.07853838087184133,-15,-0.008224632753624585,-1.5707101990356473,0,0.16449115184990387,-0.0017225394433492388,0,0,70,0,0,0
1359,67.975,-15.0,2.7554552980815444e-15,-15,-2.885506040582684e-16,-1.5707963267948963,0,0.16449340668482262,-6.043389719322355e-17,0,0,70,0,0,0
1360,68.025,-14.999794383711402,-0.07853838087184913,-15,0.008224632753625404,-1.5707101990356473,0,0.16449115184990387,0.0017225394433494098,0,0,70,0,0,0
1361,68.075,-14.999177540482682,-0.15706814912516467,-15,0.01644904002478672,-1.5704518252027784,0,0.16448438740696503,0.0034448899908370773,0,0,70,0,0,0
1362,68.125,-14.998149487224909,-0.2355806930859714,-15,0.02467299633721077,-1.5700212336298924,0,0.16447311354145674,0.0051668627673177436,0,0,70,0,0,0
1363,68.17500000000001,-14.996710252122682,-0.31406740296900154,-15,0.03289627622697397,-1.5694184715362078,0,0.1644573305624577,0.006888268939070139,0,0,70,0,0,0
1364,68.225,-14.99485987463336,-0.3925196718220782,-15,0.041118654248706976,-1.568643605021381,0,0.16443703890266625,0.00860891973450963,0,0,70,0,0,0
1365,68.275,-14.992598405485973,-0.4709288964698582,-15,0.0493399049817642,-1.5676967190582567,0,0.1644122391183885,0.010328626464886815,0,0,70,0,0,0
1366,68.325,-14.989925906679844,-0.5492864784572407,-15,0.057559803036401076,-1.5665779174835515,0,0.16438293188952308,0.012047200544978794,0,0,70,0,0,0
1367,68.375,-14.986842451482875,-0.6275838249923643,-15,0.06577812305996159,-1.5652873229864652,0,0.16434911801954244,0.013764453513771405,0,0,70,0,0,0
1368,68.42500000000001,-14.98334812442955,-0.7058123498888507,-15,0.07399463974305083,-1.5638250770952289,0,0.16431079843547097,0.015480197055124939,0,0,70,0,0,0
1369,68.475,-14.979443021318607,-0.7839634745074027,-15,0.0822091278257148,-1.5621913401615823,0,0.16426797418785932,0.017194243018425703,0,0,70,0,0,0
1370,68.525,-14.975127249210425,-0.8620286286965095,-15,0.09042136210361175,-1.56038629134319,0,0.16422064645075599,0.01890640343921799,0,0,70,0,0,0
1371,68.575,-14.970400926424073,-0.9399992517322869,-15,0.09863111743418922,-1.5584101285839975,0,0.1641688165216747,0.020616490559817072,0,0,70,0,0,0
1372,68.625,-14.96526418253408,-1.0178667932572831,-15,0.10683816874285905,-1.5562630685925198,0,0.1641124858215592,0.022324316849899543,0,0,70,0,0,0
1373,68.67500000000001,-14.959717158366871,-1.0956227142180825,-15,0.11504229102916391,-1.55394534681808,0,0.16405165589474405,0.024029695027067234,0,0,70,0,0,0
1374,68.725,-14.953760005996921,-1.1732584878017223,-15,0.12324325937294701,-1.5514572174249892,0,0.1639863284089125,0.02573243807738516,0,0,70,0,0,0
1375,68.775,-14.947392888742565,-1.2507656003707792,-15,0.1314408489405213,-1.5487989532646733,0,0.16391650515505043,0.027432359275890255,0,0,70,0,0,0
1376,68.825,-14.940615981161542,-1.328135552396882,-15,0.13963483499082222,-1.545970845845755,0,0.16384218804739772,0.029129272207065585,0,0,70,0,0,0
1377,68.875,-14.9334294690462,-1.4053598593929373,-15,0.1478249928815858,-1.5429732053020817,0,0.16376337912339542,0.030822990785286348,0,0,70,0,0,0
1378,68.92500000000001,-14.925833549418396,-1.482430052843444,-15,0.15601109807549626,-1.5398063603587195,0,0.16368008054363,0.03251332927522396,0,0,70,0,0,0
1379,68.975,-14.917828430524102,-1.559337681133188,-15,0.16419292614634456,-1.5364706582959033,0,0.16359229459177405,0.03420010231221464,0,0,70,0,0,0
1380,69.025,-14.909414331827696,-1.6360743104740703,-15,0.1723702527851825,-1.5329664649109538,0,0.16350002367452374,0.03588312492258694,0,0,70,0,0,0
1381,69.075,-14.900591484005947,-1.7126315258299143,-15,0.1805428538064667,-1.5292941644781657,0,0.16340327032153298,0.03756221254394512,0,0,70,0,0,0
1382,69.125,-14.891360128941681,-1.789000931839374,-15,0.18871050515421603,-1.5254541597066622,0,0.1633020371853438,0.039237181045410775,0,0,70,0,0,0
1383,69.17500000000001,-14.881720519717168,-1.8651741537364108,-15,0.1968729829081359,-1.521446871696243,0,0.16319632704131376,0.040907846747811116,0,0,70,0,0,0
1384,69.225,-14.871672920607157,-1.9411428382689009,-15,0.20503006328978113,-1.517272739891194,0,0.1630861427875398,0.04257402644382629,0,0,70,0,0,0
1385,69.275,-14.861217607071653,-2.0168986546144962,-15,0.21318152266867238,-1.5129322220321053,0,0.16297148744477893,0.04423553741807652,0,0,70,0,0,0
1386,69.325,-14.850354865748363,-2.0924332952942177,-15,0.22132713756843045,-1.5084257941056753,0,0.16285236415636534,0.045892197467159376,0,0,70,0,0,0
1387,69.375,-14.839084994444823,-2.1677384770835433,-15,0.22946668467291084,-1.5037539502925068,0,0.1627287761881241,0.047543824919632174,0,0,70,0,0,0
1388,69.42500000000001,-14.827408302130253,-2.242805941920652,-15,0.23759994083231525,-1.498917202912923,0,0.1626007269282818,0.04919023865593207,0,0,70,0,0,0
1389,69.475,-14.815325108927066,-2.3176274578121028,-15,0.24572668306931902,-1.493916082370778,0,0.1624682198873736,0.05083125812823971,0,0,70,0,0,0
1390,69.525,-14.802835746102108,-2.39219481973553,-15,0.25384668858517984,-1.4887511370952962,0,0.16233125869814694,0.05246670338027767,0,0,70,0,0,0
1391,69.575,-14.789940556057573,-2.466499850539375,-15,0.26195973476584195,-1.4834229334809323,0,0.16218984711546203,0.05409639506704369,0,0,70,0,0,0
1392,69.625,-14.776639892321608,-2.540534401839694,-15,0.2700655991880489,-1.4779320558252544,0,0.1620439890161888,0.05572015447447992,0,0,70,0,0,0
1393,69.67500000000001,-14.762934119538627,-2.614290354913618,-15,0.27816405962543,-1.4722791062648757,0,0.16189368839910076,0.05733780353906868,0,0,70,0,0,0
1394,69.725,-14.748823613459319,-2.6877596215897515,-15,0.2862548940546029,-1.4664647047094175,0,0.16173894938476527,0.05894916486736106,0,0,70,0,0,0
1395,69.775,-14.73430876093033,-2.7609341451350793,-15,0.29433788066125466,-1.4604894887735327,0,0.16157977621543052,0.06055406175542903,0,0,70,0,0,0
1396,69.825,-14.719389959883676,-2.8338059011385064,-15,0.30241279784622577,-1.4543541137069824,0,0.16141617325490937,0.062152318208243545,0,0,70,0,0,0
1397,69.875,-14.704067619325825,-2.906366898390783,-15,0.3104794242315811,-1.4480592523227827,0,0.16124814498845963,0.06374375895897355,0,0,70,0,0,0
1398,69.92500000000001,-14.688342159326487,-2.9786091797608605,-15,0.3185375386666823,-1.4416055949234223,0,0.1610756960226612,0.06532820948820656,0,0,70,0,0,0
1399,69.975,-14.672214011007084,-3.050524823068503,-15,0.32658692023425273,-1.4349938492251602,0,0.1608988310852894,0.06690549604308718,0,0,70,0,0,0
1400,70.025,-14.655683616528954,-3.1221059419530057,-15,0.3346273482564308,-1.4282247402804198,0,0.16071755502518598,0.06847544565637026,0,0,70,0,0,0
1401,70.075,-14.638751429081212,-3.1933446867380373,-15,0.3426586023008206,-1.4212990103982774,0,0.1605318728121256,0.070037886165389,0,0,70,0,0,0
1402,70.125,-14.621417912868322,-3.2642332452924685,-15,0.3506804621865383,-1.4142174190630585,0,0.16034178953667996,0.071592646230935,0,0,70,0,0,0
1403,70.17500000000001,-14.603683543097402,-3.334763843886964,-15,0.35869270799023745,-1.40698074285106,0,0.16014731041007818,0.07313955535604542,0,0,70,0,0,0
1404,70.225,-14.585548805965148,-3.404928748046604,-15,0.36669512005215477,-1.399589775345376,0,0.15994844076406364,0.0746784439047032,0,0,70,0,0,0
1405,70.275,-14.567014198644541,-3.4747202633989622,-15,0.374687478982121,-1.3920453270488824,0,0.15974518605074814,0.07620914312043726,0,0,70,0,0,0
1406,70.325,-14.548080229271203,-3.5441307365178996,-15,0.382669565665579,-1.3843482252953525,0,0.1595375518424624,0.07773148514482917,0,0,70,0,0,0
1407,70.375,-14.528747416929466,-3.6131525557628668,-15,0.39064116126959136,-1.3764993141587314,0,0.159325543831603,0.079245303035921,0,0,70,0,0,0
1408,70.42500000000001,-14.509016291638153,-3.681778152113554,-15,0.3986020472488354,-1.3684994543605766,0,0.15910916783047677,0.08075043078652129,0,0,70,0,0,0
1409,70.475,-14.488887394336023,-3.750000000000005,-15,0.40655200535160285,-1.3603495231756628,0,0.15888842977114104,0.08224670334241142,0,0,70,0,0,0
1410,70.525,-14.468361276866968,-3.8178106181277975,-15,0.4144908176257754,-1.3520504143357868,0,0.1586633357052412,0.08373395662044399,0,0,70,0,0,0
1411,70.575,-14.447438501964873,-3.885202570298473,-15,0.4224182664248015,-1.3436030379317585,0,0.15843389180384485,0.08521202752653666,0,0,70,0,0,0
1412,70.625,-14.426119643238168,-3.952168466225085,-15,0.4303341344136732,-1.335008320313588,0,0.1582001043572723,0.08668075397355929,0,0,70,0,0,0
1413,70.67500000000001,-14.404405285154146,-4.018700962342474,-15,0.43823820457486673,-1.3262672039889203,0,0.15796197977492463,0.08813997489910515,0,0,70,0,0,0
1414,70.725,-14.382296023022898,-4.0847927626126985,-15,0.4461302602143075,-1.3173806475196623,0,0.15771952458510752,0.0895895302831561,0,0,70,0,0,0
1415,70.775,-14.359792462981009,-4.150436619325084,-15,0.45401008496730466,-1.3083496254168716,0,0.1574727454348524,0.09102926116562952,0,0,70,0,0,0
1416,70.825,-14.336895221974949,-4.21562533389099,-15,0.461877462804481,-1.299175128033894,0,0.15722164908973438,0.09245900966380957,0,0,70,0,0,0
1417,70.875,-14.313604927744151,-4.280351757633244,-15,0.46973217803769735,-1.2898581614577556,0,0.15696624243368668,0.0938786189896614,0,0,70,0,0,0
1418,70.92500000000001,-14.289922218803794,-4.344608792570093,-15,0.4775740153259693,-1.2803997473988338,0,0.1567065324688117,0.09528793346702515,0,0,70,0,0,0
1419,70.975,-14.265847744427305,-4.408389392193546,-15,0.4854027596813663,-1.2708009230788153,0,0.15644252631518937,0.09668679854868681,0,0,70,0,0,0
1420,71.025,-14.241382164628556,-4.471686562242123,-15,0.49321819647490855,-1.261062741116955,0,0.15617423121068164,0.09807506083332668,0,0,70,0,0,0
1421,71.075,-14.216526150143785,-4.5344933614678125,-15,0.5010201114424456,-1.2511862694146474,0,0.1559016545107345,0.09945256808234045,0,0,70,0,0,0
1422,71.125,-14.191280382413181,-4.596802902397321,-15,0.508808290690539,-1.2411725910383111,0,0.15562480368817577,0.1008191692365354,0,0,70,0,0,0
1423,71.17500000000001,-14.165645553562214,-4.658608352087331,-15,0.5165825207023219,-1.2310228041006217,0,0.1553436863330106,0.10217471443269503,0,0,70,0,0,0
1424,71.225,-14.139622366382676,-4.71990293287378,-15,0.5243425883433483,-1.2207380216400983,0,0.15505831015221333,0.1035190550200125,0,0,70,0,0,0
1425,71.275,-14.11321153431338,-4.780679923115179,-15,0.5320882808674471,-1.210319371499033,0,0.15476868296951604,0.10485204357639356,0,0,70,0,0,0
1426,71.325,-14.086413781420637,-4.840932657929631,-15,0.539819385922542,-1.199767996199825,0,0.15447481272519434,0.1061735339246211,0,0,70,0,0,0
1427,71.375,-14.059229842378373,-4.90065452992579,-15,0.5475356915564841,-1.1890850528196777,0,0.15417670747584938,0.10748338114838683,0,0,70,0,0,0
1428,71.42500000000001,-14.031660462448013,-4.959838989927384,-15,0.5552369862228563,-1.1782717128637177,0,0.15387437539418716,0.10878144160818201,0,0,70,0,0,0
1429,71.475,-14.003706397458032,-5.0184795476914275,-15,0.5629230587867754,-1.1673291621365267,0,0.15356782476879444,0.11006757295704944,0,0,70,0,0,0
1430,71.525,-13.97536841378323,-5.076569772619963,-15,0.5705936985306816,-1.1562586006121003,0,0.1532570640039113,0.11134163415619373,0,0,70,0,0,0
1431,71.575,-13.946647288323769,-5.134103294465168,-15,0.578248695160107,-1.1450612423022701,0,0.15294210161920135,0.11260348549044621,0,0,70,0,0,0
1432,71.625,-13.9175438084838,-5.191073804028051,-15,0.5858878388094542,-1.133738315123554,0,0.15262294624951742,0.11385298858358872,0,0,70,0,0,0
1433,71.67500000000001,-13.888058772149922,-5.247475053850238,-15,0.5935109200477412,-1.122291060762515,0,0.15229960664466505,0.11509000641352649,0,0,70,0,0,0
1434,71.725,-13.858192987669305,-5.3033008588990995,-15,0.6011177298843453,-1.110720734539593,0,0.15197209166916292,0.1163144033273145,0,0,70,0,0,0
1435,71.775,-13.827947273827508,-5.358545097246024,-15,0.6087080597747334,-1.0990286052714415,0,0.1516404103019995,0.11752604505603369,0,0,70,0,0,0
1436,71.825,-13.797322459826061,-5.413201710737721,-15,0.6162817016261761,-1.0872159551317955,0,0.15130457163638703,0.11872479872951433,0,0,70,0,0,0
1437,71.875,-13.76631938525971,-5.467264705660598,-15,0.6238384478034562,-1.0752840795108587,0,0.15096458487951217,0.11991053289090743,0,0,70,0,0,0
1438,71.92500000000001,-13.734938900093416,-5.5207281533980055,-15,0.6313780911345575,-1.0632342868732576,0,0.1506204593522838,0.12108311751109974,0,0,70,0,0,0
1439,71.975,-13.703181864639017,-5.573586191080452,-15,0.6389004249163531,-1.0510678986145374,0,0.1502722044890768,0.12224242400297443,0,0,70,0,0,0
1440,72.025,-13.671049149531678,-5.625833022228447,-15,0.6464052429202628,-1.0387862489162736,0,0.1499198298374742,0.1233883252355105,0,0,70,0,0,0
1441,72.075,-13.63854163570603,-5.67746291738817,-15,0.6538923393979073,-1.0263906845997608,0,0.1495633450580052,0.12452069554772424,0,0,70,0,0,0
1442,72.125,-13.605660214371973,-5.728470214759819,-15,0.6613615090867568,-1.013882564978308,0,0.14920275992388002,0.1256394107624507,0,0,70,0,0,0
1443,72.17500000000001,-13.572405786990288,-5.778849320818428,-15,0.6688125472157507,-1.0012632617081876,0,0.14883808432072224,0.12674434819995956,0,0,70,0,0,0
1444,72.225,-13.53877926524791,-5.828594710927279,-15,0.6762452495109116,-0.9885341586382134,0,0.1484693282462979,0.12783538669140895,0,0,70,0,0,0
1445,72.275,-13.5047815710329,-5.8777009299438,-15,0.6836594122009568,-0.9756966516579729,0,0.14809650181024084,0.1289124065921341,0,0,70,0,0,0
1446,72.325,-13.470413636409235,-5.926162592817676,-15,0.6910548320228674,-0.9627521485447783,0,0.14771961523377633,0.12997528979476547,0,0,70,0,0,0
1447,72.375,-13.43567640359119,-5.973974385181476,-15,0.6984313062274753,-0.9497020688092631,0,0.14733867884944005,0.13102391974218264,0,0,70,0,0,0
1448,72.42500000000001,-13.400570824917562,-6.02113106393336,-15,0.7057886325850118,-0.9365478435397354,0,0.14695370310079559,0.13205818144029455,0,0,70,0,0,0
1449,72.475,-13.36509786282552,-6.0676274578121046,-15,0.7131266093906593,-0.9232909152452289,0,0.1465646985421475,0.13307796147065107,0,0,70,0,0,0
1450,72.525,-13.32925848982423,-6.1134584679641595,-15,0.7204450354700782,-0.9099327376973204,0,0.1461716758382521,0.13408314800288015,0,0,70,0,0,0
1451,72.575,-13.293053688468222,-6.15861906850278,-15,0.7277437101849183,-0.8964747757707155,0,0.14577464576402563,0.13507363080695084,0,0,70,0,0,0
1452,72.625,-13.256484451330397,-6.203104307059219,-15,0.7350224334383277,-0.8829185052825931,0,0.14537361920424793,0.13604930126526227,0,0,70,0,0,0
1453,72.67500000000001,-13.21955178097488,-6.246909305325748,-15,0.7422810056804292,-0.8692654128307814,0,0.14496860715326484,0.1370100523845535,0,0,70,0,0,0
1454,72.725,-13.182256689929481,-6.290029259590679,-15,0.7495192279137994,-0.8555169956307218,0,0.14455962071468628,0.1379557788076378,0,0,70,0,0,0
1455,72.775,-13.144600200657957,-6.33245944126511,-15,0.7567369016989195,-0.841674761351291,0,0.14414667110108204,0.13888637682495553,0,0,70,0,0,0
1456,72.825,-13.106583345531982,-6.374195197401474,-15,0.7639338291596166,-0.8277402279494657,0,0.14372976963367437,0.1398017443859472,0,0,70,0,0,0
1457,72.875,-13.068207166802836,-6.415231951203805,-15,0.7711098129884912,-0.8137149235038563,0,0.1433089277420275,0.14070178111024476,0,0,70,0,0,0
1458,72.92500000000001,-13.029472716572867,-6.455565202529581,-15,0.7782646564523168,-0.7996003860471558,0,0.14288415696373477,0.14158638829867834,0,0,70,0,0,0
1459,72.975,-12.990381056766578,-6.49519052838329,-15,0.7853981633974485,-0.785398163397448,0,0.14245546894410138,0.1424554689441014,0,0,70,0,0,0
1460,73.025,-12.950933259101577,-6.53410358340142,-15,0.7925101382551892,-0.7711098129884907,0,0.14202287543582606,0.14330892774202753,0,0,70,0,0,0
1461,73.075,-12.91113040505916,-6.572300100328973,-15,0.7996003860471564,-0.7567369016989216,0,0.14158638829867834,0.1441466711010819,0,0,70,0,0,0
1462,73.125,-12.870973585854669,-6.609775890487442,-15,0.8066687123906259,-0.7422810056804289,0,0.14114601949917346,0.14496860715326487,0,0,70,0,0,0
1463,73.17500000000001,-12.830463902407596,-6.646526844234113,-15,0.8137149235038592,-0.7277437101849167,0,0.14070178111024462,0.1457746457640257,0,0,70,0,0,0
1464,73.225,-12.789602465311381,-6.682548931412761,-15,0.8207388262114182,-0.7131266093906589,0,0.14025368531091167,0.1465646985421475,0,0,70,0,0,0
1465,73.275,-12.748390394802954,-6.717838201795602,-15,0.8277402279494649,-0.6984313062274725,0,0.13980174438594725,0.1473386788494402,0,0,70,0,0,0
1466,73.325,-12.70682882073206,-6.7523907855164484,-15,0.8347189367710298,-0.6836594122009578,0,0.13934597072554025,0.1480965018102408,0,0,70,0,0,0
1467,73.375,-12.664918882530225,-6.7862028934951475,-15,0.8416747613512903,-0.668812547215749,0,0.13888637682495558,0.1488380843207223,0,0,70,0,0,0
1468,73.42500000000001,-12.622661729179594,-6.819270817853013,-15,0.8486075109927982,-0.653892339397908,0,0.13842297528419237,0.14956334505800517,0,0,70,0,0,0
1469,73.475,-12.580058519181364,-6.851590932319504,-15,0.8555169956307208,-0.6389004249163553,0,0.13795577880763785,0.15027220448907672,0,0,70,0,0,0
1470,73.525,-12.537110420524046,-6.883159692629865,-15,0.8624030258380497,-0.623838447803452,0,0.1374848002037193,0.1509645848795124,0,0,70,0,0,0
1471,73.575,-12.493818610651486,-6.913973636913758,-15,0.8692654128307828,-0.6087080597747317,0,0.13701005238455338,0.1516404103019996,0,0,70,0,0,0
1472,73.625,-12.450184276430509,-6.944029386074962,-15,0.8761039684731171,-0.5935109200477409,0,0.1365315483655912,0.15229960664466505,0,0,70,0,0,0
1473,73.67500000000001,-12.406208614118427,-6.973323644161885,-15,0.8829185052825945,-0.5782486951601066,0,0.13604930126526216,0.15294210161920138,0,0,70,0,0,0
1474,73.725,-12.361892829330237,-7.001853198729012,-15,0.8897088364352468,-0.5629230587867776,0,0.1355633243046141,0.15356782476879435,0,0,70,0,0,0
1475,73.775,-12.317238137005559,-7.029614921189188,-15,0.8964747757707161,-0.5475356915564836,0,0.13507363080695084,0.15417670747584938,0,0,70,0,0,0
1476,73.825,-12.272245761375352,-7.05660576715669,-15,0.9032161377973557,-0.5320882808674466,0,0.13458023419746712,0.15476868296951604,0,0,70,0,0,0
1477,73.875,-12.22691693592831,-7.08282277678111,-15,0.9099327376973219,-0.5165825207023201,0,0.13408314800288007,0.15534368633301063,0,0,70,0,0,0
1478,73.92500000000001,-12.181252903377093,-7.108263075071894,-15,0.916624391331634,-0.5010201114424453,0,0.13358238585105897,0.1559016545107345,0,0,70,0,0,0
1479,73.975,-12.135254915624213,-7.1329238722136505,-15,0.923290915245228,-0.4854027596813673,0,0.13307796147065112,0.15644252631518932,0,0,70,0,0,0
1480,74.025,-12.088924233727733,-7.1568024638720775,-15,0.9299321266719847,-0.46973217803769557,0,0.1325698886907056,0.1569662424336867,0,0,70,0,0,0
1481,74.075,-12.042262127866717,-7.179896231490504,-15,0.9365478435397357,-0.45401008496730433,0,0.1320581814402945,0.1574727454348524,0,0,70,0,0,0
1482,74.125,-11.99526987730636,-7.202202642577072,-15,0.9431378844752624,-0.4382382045748676,0,0.13154285374813052,0.1579619797749246,0,0,70,0,0,0
1483,74.17500000000001,-11.94794877036295,-7.223719250982433,-15,0.9497020688092636,-0.4224182664248038,0,0.13102391974218264,0.15843389180384476,0,0,70,0,0,0
1484,74.225,-11.900300104368528,-7.244443697168012,-15,0.9562402165813103,-0.4065520053516025,0,0.13050139364928862,0.15888842977114104,0,0,70,0,0,0
1485,74.275,-11.852325185635351,-7.264373708464736,-15,0.9627521485447788,-0.39064116126958964,0,0.12997528979476544,0.15932554383160308,0,0,70,0,0,0
1486,74.325,-11.804025329420059,-7.2835070993222715,-15,0.9692376861717625,-0.37468747898212057,0,0.12944562260201609,0.15974518605074817,0,0,70,0,0,0
1487,74.375,-11.75540185988759,-7.3018417715487045,-15,0.9756966516579745,-0.3586927079902343,0,0.128912406592134,0.16014731041007824,0,0,70,0,0,0
1488,74.42500000000001,-11.706456110074951,-7.319375714540604,-15,0.9821288679276089,-0.3426586023008229,0,0.1283756563835057,0.16053187281212558,0,0,70,0,0,0
1489,74.475,-11.65718942185457,-7.33610700550354,-15,0.9885341586382115,-0.326586920234255,0,0.1278353866914091,0.16089883108528935,0,0,70,0,0,0
1490,74.525,-11.607603145897587,-7.352033809662916,-15,0.9949123481855029,-0.3104794242315779,0,0.12729161232761055,0.1612481449884597,0,0,70,0,0,0
1491,74.575,-11.557698641636836,-7.367154380465166,-15,1.00126326170819,-0.29433788066125427,0,0.12674434819995933,0.16157977621543057,0,0,70,0,0,0
1492,74.625,-11.507477277229485,-7.381467059769316,-15,1.007586725092774,-0.2781640596254268,0,0.12619360931197768,0.16189368839910082,0,0,70,0,0,0
1493,74.67500000000001,-11.456940429519626,-7.394970278028788,-15,1.0138825649783094,-0.26195973476584017,0,0.12563941076245055,0.16218984711546205,0,0,70,0,0,0
1494,74.725,-11.406089484000471,-7.407662554463531,-15,1.020150608761166,-0.24572668306932138,0,0.12508176774501123,0.16246821988737356,0,0,70,0,0,0
1495,74.775,-11.354925834776347,-7.419542497222412,-15,1.0263906845997604,-0.22946668467291037,0,0.12452069554772432,0.16272877618812412,0,0,70,0,0,0
1496,74.825,-11.303450884524572,-7.430608803535826,-15,1.0326026214192574,-0.21318152266867335,0,0.12395620955266791,0.16297148744477893,0,0,70,0,0,0
1497,74.875,-11.251666044456883,-7.440860259858586,-15,1.038786248916275,-0.19687298290813274,0,0.12338832523551037,0.1631963270413138,0,0,70,0,0,0
1498,74.92500000000001,-11.199572734280864,-7.450295742002974,-15,1.0449413975635369,-0.18054285380646493,0,0.12281705816508753,0.163403270321533,0,0,70,0,0,0
1499,74.975,-11.14717238216091,-7.458914215262051,-15,1.0510678986145365,-0.16419292614634415,0,0.12224242400297451,0.16359229459177405,0,0,70,0,0,0
1500,75.025,-11.094466424679146,-7.4667147345231,-15,1.0571655841081529,-0.14782499288158538,0,0.12166443850305712,0.16376337912339542,0,0,70,0,0,0
1501,75.075,-11.041456306796018,-7.473696444371282,-15,1.063234286873257,-0.13144084894052085,0,0.12108311751109982,0.16391650515505043,0,0,70,0,0,0
1502,75.125,-10.988143481810678,-7.4798585791834356,-15,1.0692738405332987,-0.1150422910291635,0,0.12049847696431112,0.16405165589474405,0,0,70,0,0,0
1503,75.17500000000001,-10.934529411321174,-7.485200463212037,-15,1.0752840795108611,-0.09863111743418877,0,0.11991053289090721,0.1641688165216747,0,0,70,0,0,0
1504,75.225,-10.880615565184309,-7.4897215106593045,-15,1.0812648390322088,-0.08220912782571295,0,0.11931930140967159,0.16426797418785932,0,0,70,0,0,0
1505,75.275,-10.826403421475431,-7.493421225741438,-15,1.0872159551317966,-0.06577812305996115,0,0.11872479872951422,0.16434911801954244,0,0,70,0,0,0
1506,75.325,-10.771894466447835,-7.496299202742987,-15,1.0931372646567712,-0.049339904981763764,0,0.11812704114902628,0.16441223911838854,0,0,70,0,0,0
1507,75.375,-10.717090194492046,-7.498355126061341,-15,1.099028605271442,-0.032896276226972145,0,0.11752604505603367,0.1644573305624577,0,0,70,0,0,0
1508,75.42500000000001,-10.661992108094886,-7.499588770241341,-15,1.1048898154617275,-0.016449040024787684,0,0.11692182692714809,0.16448438740696503,0,0,70,0,0,0
1509,75.475,-10.606601717798215,-7.5,-15,1.110720734539591,-6.732847428026264e-16,0,0.11631440332731467,0.16449340668482262,0,0,70,0,0,0
1510,75.525,-10.550920542157565,-7.499588770241341,-15,1.1165212026474411,0.016449040024786334,0,0.11570379090935824,0.16448438740696503,0,0,70,0,0,0
1511,75.575,-10.49495010770048,-7.498355126061341,-15,1.1222910607625143,0.03289627622697359,0,0.11509000641352655,0.1644573305624577,0,0,70,0,0,0
1512,75.625,-10.438691948884708,-7.4962992027429864,-15,1.1280301507012358,0.049339904981765215,0,0.11447306666703173,0.1644122391183885,0,0,70,0,0,0
1513,75.67500000000001,-10.3821476080561,-7.493421225741438,-15,1.1337383151235543,0.0657781230599626,0,0.11385298858358871,0.16434911801954244,0,0,70,0,0,0
1514,75.725,-10.32531863540631,-7.489721510659304,-15,1.1394153975372598,0.08220912782571439,0,0.1132297891629512,0.16426797418785932,0,0,70,0,0,0
1515,75.775,-10.268206588930335,-7.485200463212037,-15,1.1450612423022701,0.09863111743418744,0,0.1126034854904462,0.1641688165216747,0,0,70,0,0,0
1516,75.825,-10.210813034383776,-7.479858579183436,-15,1.1506756946348995,0.11504229102916215,0,0.11197409473650521,0.16405165589474408,0,0,70,0,0,0
1517,75.875,-10.153139545239902,-7.473696444371282,-15,1.1562586006121025,0.1314408489405223,0,0.11134163415619348,0.16391650515505043,0,0,70,0,0,0
1518,75.92500000000001,-10.095187702646596,-7.466714734523099,-15,1.1618098071756882,0.1478249928815868,0,0.1107061210887378,0.16376337912339542,0,0,70,0,0,0
1519,75.975,-10.036959095382873,-7.45891421526205,-15,1.1673291621365254,0.1641929261463456,0,0.11006757295704962,0.16359229459177402,0,0,70,0,0,0
1520,76.025,-9.978455319815405,-7.450295742002972,-15,1.172816514178712,0.18054285380646912,0,0.10942600726724848,0.16340327032153296,0,0,70,0,0,0
1521,76.075,-9.919677979854784,-7.440860259858585,-15,1.178271712863716,0.19687298290813418,0,0.10878144160818219,0.16319632704131376,0,0,70,0,0,0
1522,76.125,-9.860628686911436,-7.430608803535827,-15,1.1836946086345144,0.21318152266867205,0,0.10813389365094342,0.16297148744477893,0,0,70,0,0,0
1523,76.17500000000001,-9.801309059851585,-7.419542497222413,-15,1.1890850528196768,0.22946668467290907,0,0.10748338114838689,0.16272877618812412,0,0,70,0,0,0
1524,76.225,-9.741720724952751,-7.407662554463532,-15,1.1944428976374553,0.24572668306932002,0,0.1068299219346412,0.16246821988737356,0,0,70,0,0,0
1525,76.275,-9.68186531585925,-7.394970278028785,-15,1.1997679961998264,0.2619597347658444,0,0.10617353392462096,0.16218984711546194,0,0,70,0,0,0
1526,76.325,-9.621744473537362,-7.381467059769314,-15,1.205060202516522,0.278164059625431,0,0.10551423511353507,0.16189368839910076,0,0,70,0,0,0
1527,76.375,-9.561359846230344,-7.3671543804651645,-15,1.2103193714990341,0.29433788066125566,0,0.10485204357639341,0.16157977621543052,0,0,70,0,0,0
1528,76.42500000000001,-9.500713089413255,-7.352033809662914,-15,1.215545358964588,0.31047942423157937,0,0.10418697746751149,0.16124814498845969,0,0,70,0,0,0
1529,76.475,-9.439805865747568,-7.3361070055035436,-15,1.2207380216400978,0.32658692023425107,0,0.10351905502001259,0.16089883108528943,0,0,70,0,0,0
1530,76.525,-9.378639845035575,-7.319375714540605,-15,1.2258972171660933,0.3426586023008216,0,0.10284829454532793,0.1605318728121256,0,0,70,0,0,0
1531,76.575,-9.317216704174648,-7.3018417715487,-15,1.2310228041006226,0.35869270799023845,0,0.10217471443269487,0.16014731041007815,0,0,70,0,0,0
1532,76.625,-9.255538127111226,-7.28350709932227,-15,1.2361146419231301,0.374687478982122,0,0.10149833314865257,0.15974518605074814,0,0,70,0,0,0
1533,76.67500000000001,-9.193605804794647,-7.264373708464734,-15,1.2411725910383105,0.3906411612695911,0,0.10081916923653547,0.159325543831603,0,0,70,0,0,0
1534,76.725,-9.131421435130813,-7.2444436971680135,-15,1.2461965127799333,0.40655200535160124,0,0.1001372413159653,0.1588884297711411,0,0,70,0,0,0
1535,76.775,-9.068986722935621,-7.223719250982436,-15,1.2511862694146478,0.4224182664248025,0,0.09945256808234039,0.15843389180384482,0,0,70,0,0,0
1536,76.825,-9.006303379888262,-7.202202642577074,-15,1.256141724145753,0.43823820457486634,0,0.0987651683063235,0.15796197977492463,0,0,70,0,0,0
1537,76.875,-8.943373124484243,-7.179896231490507,-15,1.2610627411169553,0.454010084967303,0,0.09807506083332662,0.15747274543485243,0,0,70,0,0,0
1538,76.92500000000001,-8.880197681988292,-7.156802463872076,-15,1.2659491854160894,0.469732178037697,0,0.09738226458299463,0.15696624243368668,0,0,70,0,0,0
1539,76.975,-8.8167787843871,-7.132923872213653,-15,1.2708009230788149,0.48540275968136604,0,0.0966867985486869,0.15644252631518937,0,0,70,0,0,0
1540,77.025,-8.753118170341759,-7.108263075071891,-15,1.2756178210922942,0.5010201114424466,0,0.09598868179695584,0.15590165451073448,0,0,70,0,0,0
1541,77.075,-8.689217585140183,-7.082822776781107,-15,1.2803997473988338,0.5165825207023215,0,0.09528793346702509,0.1553436863330106,0,0,70,0,0,0
1542,77.125,-8.625078780649172,-7.056605767156689,-15,1.2851465708995098,0.5320882808674481,0,0.0945845727702639,0.15476868296951599,0,0,70,0,0,0
1543,77.17500000000001,-8.560703515266484,-7.029614921189189,-15,1.289858161457756,0.5475356915564824,0,0.09387861898966136,0.1541767074758494,0,0,70,0,0,0
1544,77.225,-8.496093553872504,-7.001853198729018,-15,1.2945343899029393,0.5629230587867737,0,0.09317009147929665,0.15356782476879446,0,0,70,0,0,0
1545,77.275,-8.431250667781955,-6.973323644161883,-15,1.2991751280338955,0.5782486951601079,0,0.0924590096638093,0.15294210161920133,0,0,70,0,0,0
1546,77.325,-8.36617663469535,-6.94402938607496,-15,1.3037802486224417,0.5935109200477423,0,0.09174539303786686,0.15229960664466502,0,0,70,0,0,0
1547,77.375,-8.300873238650151,-6.91397363691375,-15,1.3083496254168727,0.6087080597747357,0,0.09102926116562934,0.15164041030199943,0,0,70,0,0,0
1548,77.42500000000001,-8.235342269971971,-6.883159692629856,-15,1.3128831331454138,0.6238384478034559,0,0.09031063368021398,0.15096458487951223,0,0,70,0,0,0
1549,77.475,-8.169585525225417,-6.851590932319511,-15,1.3173806475196612,0.6389004249163516,0,0.08958953028315632,0.15027220448907685,0,0,70,0,0,0
1550,77.525,-8.103604807164828,-6.819270817853016,-15,1.321842045237988,0.6538923393979068,0,0.08886597074386986,0.14956334505800523,0,0,70,0,0,0
1551,77.575,-8.037401924684945,-6.786202893495144,-15,1.3262672039889207,0.6688125472157503,0,0.08813997489910512,0.14883808432072224,0,0,70,0,0,0
1552,77.625,-7.970978692771232,-6.752390785516446,-15,1.330656002454497,0.683659412200959,0,0.08741156265240495,0.14809650181024075,0,0,70,0,0,0
1553,77.67500000000001,-7.904336932450155,-6.717838201795592,-15,1.335008320313589,0.6984313062274763,0,0.08668075397355911,0.14733867884944,0,0,70,0,0,0
1554,77.725,-7.837478470739231,-6.682548931412757,-15,1.3393240382452052,0.7131266093906602,0,0.08594756889805667,0.14656469854214743,0,0,70,0,0,0
1555,77.775,-7.770405140596955,-6.646526844234112,-15,1.343603037931758,0.7277437101849179,0,0.08521202752653675,0.14577464576402566,0,0,70,0,0,0
1556,77.825,-7.703118780872557,-6.609775890487445,-15,1.3478452020623097,0.7422810056804277,0,0.08447415002423764,0.14496860715326493,0,0,70,0,0,0
1557,77.875,-7.635621236255568,-6.572300100328976,-15,1.3520504143357885,0.7567369016989204,0,0.08373395662044368,0.14414667110108195,0,0,70,0,0,0
1558,77.92500000000001,-7.5679143572252805,-6.534103583401415,-15,1.3562185594641747,0.771109812988492,0,0.08299146760793107,0.14330892774202744,0,0,70,0,0,0
1559,77.975,-7.499999999999995,-6.495190528383287,-15,1.3603495231756635,0.7853981633974493,0,0.08224670334241126,0.14245546894410135,0,0,70,0,0,0
1560,78.025,-7.4318800264861125,-6.455565202529577,-15,1.3644431922177989,0.7996003860471571,0,0.08149968424197271,0.14158638829867828,0,0,70,0,0,0
1561,78.075,-7.363556304227116,-6.415231951203802,-15,1.3684994543605762,0.8137149235038577,0,0.08075043078652137,0.1407017811102447,0,0,70,0,0,0
1562,78.125,-7.295030706352353,-6.374195197401478,-15,1.37251819839952,0.8277402279494644,0,0.07999896351721911,0.13980174438594728,0,0,70,0,0,0
1563,78.17500000000001,-7.22630511152573,-6.332459441265113,-15,1.3764993141587316,0.8416747613512899,0,0.07924530303592096,0.13888637682495558,0,0,70,0,0,0
1564,78.225,-7.1573814038941315,-6.290029259590683,-15,1.3804426924939117,0.8555169956307206,0,0.07848947000460961,0.13795577880763787,0,0,70,0,0,0
1565,78.275,-7.088261473035808,-6.246909305325745,-15,1.384348225295352,0.8692654128307827,0,0.07773148514482928,0.1370100523845534,0,0,70,0,0,0
1566,78.325,-7.018947213908603,-6.203104307059214,-15,1.3882158054908968,0.8829185052825944,0,0.07697136923711803,0.13604930126526216,0,0,70,0,0,0
1567,78.375,-6.94944052679792,-6.158619068502777,-15,1.3920453270488826,0.8964747757707169,0,0.07620914312043722,0.13507363080695076,0,0,70,0,0,0
1568,78.42500000000001,-6.879743317264723,-6.113458467964156,-15,1.3958366849810395,0.9099327376973215,0,0.07544482769160112,0.13408314800288007,0,0,70,0,0,0
1569,78.475,-6.809857496093205,-6.067627457812107,-15,1.3995897753453763,0.9232909152452279,0,0.07467844390470317,0.13307796147065112,0,0,70,0,0,0
1570,78.525,-6.739784979238444,-6.021131063933356,-15,1.4033044952490246,0.9365478435397367,0,0.07391001277054188,0.13205818144029444,0,0,70,0,0,0
1571,78.575,-6.6695276877739245,-5.973974385181481,-15,1.4069807428510601,0.949702068809262,0,0.0731395553560454,0.13102391974218275,0,0,70,0,0,0
1572,78.625,-6.599087547838719,-5.926162592817672,-15,1.4106184173653014,0.9627521485447795,0,0.07236709278369222,0.12997528979476536,0,0,70,0,0,0
1573,78.67500000000001,-6.5284664905849095,-5.877700929943797,-15,1.4142174190630599,0.9756966516579741,0,0.07159264623093468,0.12891240659213402,0,0,70,0,0,0
1574,78.725,-6.457666452124428,-5.828594710927282,-15,1.417777649275888,0.9885341586382121,0,0.07081623692961594,0.127835386691409,0,0,70,0,0,0
1575,78.775,-6.3866893734760835,-5.778849320818415,-15,1.4212990103982768,1.0012632617081907,0,0.0700378861653891,0.12674434819995928,0,0,70,0,0,0
1576,78.825,-6.315537200512363,-5.728470214759815,-15,1.424781405890331,1.0138825649783092,0,0.06925761527713375,0.1256394107624506,0,0,70,0,0,0
1577,78.875,-6.2442118839060194,-5.6774629173881745,-15,1.4282247402804191,1.02639068459976,0,0.06847544565637036,0.12452069554772434,0,0,70,0,0,0
1578,78.92500000000001,-6.172715379076626,-5.625833022228443,-15,1.4316289191677904,1.0387862489162747,0,0.06769139874667404,0.12338832523551041,0,0,70,0,0,0
1579,78.975,-6.101049646137002,-5.573586191080456,-15,1.4349938492251606,1.0510678986145365,0,0.06690549604308714,0.12224242400297453,0,0,70,0,0,0
1580,79.025,-6.029216649839394,-5.520728153398001,-15,1.438319438201272,1.0632342868732585,0,0.06611775909152902,0.12108311751109962,0,0,70,0,0,0
1581,79.075,-5.957218359521705,-5.467264705660583,-15,1.441605594923423,1.0752840795108618,0,0.06532820948820639,0.11991053289090714,0,0,70,0,0,0
1582,79.125,-5.8850567490534225,-5.413201710737717,-15,1.4448522292999673,1.0872159551317964,0,0.06453686887902033,0.11872479872951425,0,0,70,0,0,0
1583,79.17500000000001,-5.812733796781549,-5.3585450972460285,-15,1.4480592523227833,1.0990286052714404,0,0.06374375895897337,0.11752604505603378,0,0,70,0,0,0
1584,79.225,-5.740251485476356,-5.303300858899114,-15,1.4512265760697152,1.1107207345395902,0,0.06294890147157463,0.11631440332731481,0,0,70,0,0,0
1585,79.275,-5.667611802276996,-5.247475053850232,-15,1.454354113706983,1.1222910607625163,0,0.062152318208243365,0.11509000641352637,0,0,70,0,0,0
1586,79.325,-5.594816738637127,-5.191073804028046,-15,1.4574417794915606,1.133738315123555,0,0.06135403100771267,0.11385298858358862,0,0,70,0,0,0
1587,79.375,-5.521868290270168,-5.134103294465164,-15,1.4604894887735325,1.145061242302271,0,0.06055406175542914,0.11260348549044612,0,0,70,0,0,0
1588,79.42500000000001,-5.448768457094678,-5.076569772619958,-15,1.4634971579984082,1.1562586006121012,0,0.0597524323829539,0.11134163415619365,0,0,70,0,0,0
1589,79.475,-5.375519243179512,-5.0184795476914426,-15,1.466464704709417,1.1673291621365243,0,0.05894916486736116,0.11006757295704976,0,0,70,0,0,0
1590,79.525,-5.302122656688856,-4.9598389899273885,-15,1.4693920475497677,1.1782717128637166,0,0.05814428123063548,0.10878144160818211,0,0,70,0,0,0
1591,79.575,-5.2285807098272326,-4.900654529925794,-15,1.472279106264876,1.1890850528196768,0,0.05733780353906864,0.10748338114838693,0,0,70,0,0,0
1592,79.625,-5.154895418784237,-4.840932657929626,-15,1.47512580170457,1.199767996199826,0,0.05652975390265364,0.10617353392462098,0,0,70,0,0,0
1593,79.67500000000001,-5.081068803679371,-4.780679923115173,-15,1.4779320558252553,1.2103193714990337,0,0.055720154474479734,0.10485204357639344,0,0,70,0,0,0
1594,79.725,-5.007102888506569,-4.719902932873786,-15,1.4806977916920578,1.2207380216400976,0,0.05490902745012408,0.10351905502001263,0,0,70,0,0,0
1595,79.775,-4.932999701078746,-4.658608352087326,-15,1.4834229334809323,1.2310228041006224,0,0.05409639506704364,0.10217471443269492,0,0,70,0,0,0
1596,79.825,-4.858761272972243,-4.596802902397325,-15,1.4861074064807398,1.2411725910383102,0,0.05328227960396598,0.1008191692365355,0,0,70,0,0,0
1597,79.875,-4.784389639471043,-4.534493361467806,-15,1.4887511370952968,1.2511862694146485,0,0.05246670338027748,0.0994525680823403,0,0,70,0,0,0
1598,79.92500000000001,-4.7098868395110856,-4.471686562242128,-15,1.4913540528453924,1.2610627411169542,0,0.05164968875541273,0.09807506083332676,0,0,70,0,0,0
1599,79.975,-4.635254915624214,-4.408389392193551,-15,1.4939160823707778,1.2708009230788144,0,0.05083125812823981,0.09668679854868692,0,0,70,0,0,0
1600,80.025,-4.56049591388235,-4.344608792570087,-15,1.4964371554321187,1.2803997473988344,0,0.05001143393644809,0.095287933467025,0,0,70,0,0,0
1601,80.075,-4.4856118838413,-4.2803517576332375,-15,1.498917202912923,1.2898581614577567,0,0.04919023865593203,0.09387861898966127,0,0,70,0,0,0
1602,80.125,-4.410604878484551,-4.215625333890973,-15,1.5013561568214375,1.2991751280338966,0,0.0483676948001748,0.0924590096638092,0,0,70,0,0,0
1603,80.17500000000001,-4.335476954167071,-4.1504366193250775,-15,1.5037539502925072,1.3083496254168727,0,0.047543824919632,0.09102926116562937,0,0,70,0,0,0
1604,80.225,-4.260230170558853,-4.084792762612715,-15,1.5061105175894136,1.31738064751966,0,0.04671865160111258,0.08958953028315647,0,0,70,0,0,0
1605,80.275,-4.184866590588432,-4.018700962342468,-15,1.5084257941056753,1.3262672039889212,0,0.045892197467159335,0.08813997489910502,0,0,70,0,0,0
1606,80.325,-4.109388280386485,-3.9521684662250793,-15,1.510699716366815,1.3350083203135887,0,0.04506448517543053,0.08668075397355916,0,0,70,0,0,0
1607,80.375,-4.033797309228976,-3.885202570298467,-15,1.512932222032106,1.3436030379317594,0,0.04423553741807634,0.08521202752653653,0,0,70,0,0,0
1608,80.42500000000001,-3.958095749480588,-3.8178106181277798,-15,1.5151232498962774,1.3520504143357888,0,0.04340537692111855,0.0837339566204436,0,0,70,0,0,0
1609,80.475,-3.88228567653781,-3.749999999999999,-15,1.5172727398911938,1.3603495231756635,0,0.042574026443826386,0.0822467033424113,0,0,70,0,0,0
1610,80.525,-3.8063691687720884,-3.6817781521135595,-15,1.5193806330875013,1.368499454360576,0,0.04174150877809316,0.0807504307865214,0,0,70,0,0,0
1611,80.575,-3.73034830747283,-3.6131525557628725,-15,1.5214468716962428,1.376499314158731,0,0.0409078467478112,0.07924530303592113,0,0,70,0,0,0
1612,80.625,-3.6542251767903253,-3.544130736517894,-15,1.5234713990704445,1.3843482252953534,0,0.04007306320824592,0.07773148514482904,0,0,70,0,0,0
1613,80.67500000000001,-3.5780018636787054,-3.474720263398956,-15,1.5254541597066633,1.3920453270488828,0,0.03923718104541031,0.07620914312043714,0,0,70,0,0,0
1614,80.725,-3.501680457838578,-3.404928748046598,-15,1.5273950992465164,1.3995897753453765,0,0.03840022317543581,0.07467844390470307,0,0,70,0,0,0
1615,80.775,-3.425263051659838,-3.3347638438869573,-15,1.5292941644781655,1.4069807428510608,0,0.03756221254394523,0.07313955535604529,0,0,70,0,0,0
1616,80.825,-3.348751740164277,-3.2642332452924623,-15,1.531151303337778,1.4142174190630592,0,0.03672317212542332,0.07159264623093485,0,0,70,0,0,0
1617,80.875,-3.2721486209481365,-3.193344686738043,-15,1.5329664649109538,1.4212990103982766,0,0.03588312492258689,0.07003788616538913,0,0,70,0,0,0
1618,80.92500000000001,-3.1954557941246517,-3.1221059419530115,-15,1.5347395994341217,1.4282247402804191,0,0.03504209396575461,0.0684754456563704,0,0,70,0,0,0
1619,80.975,-3.1186753622663845,-3.0505248230684967,-15,1.5364706582959031,1.4349938492251606,0,0.03420010231221473,0.06690549604308704,0,0,70,0,0,0
1620,81.025,-3.041809430347687,-2.9786091797608543,-15,1.5381595940384443,1.4416055949234228,0,0.03335717304559405,0.06532820948820643,0,0,70,0,0,0
1621,81.075,-2.9648601056868964,-2.9063668983907767,-15,1.539806360358719,1.448059252322783,0,0.03251332927522406,0.06374375895897341,0,0,70,0,0,0
1622,81.125,-2.8878294978886077,-2.8338059011384997,-15,1.5414109121097974,1.4543541137069829,0,0.03166859413550786,0.06215231820824341,0,0,70,0,0,0
1623,81.17500000000001,-2.81071971878587,-2.7609341451350855,-15,1.542973205302082,1.4604894887735322,0,0.030822990785286296,0.06055406175542916,0,0,70,0,0,0
1624,81.225,-2.7335328823822174,-2.6877596215897572,-15,1.5444931971045153,1.466464704709417,0,0.029976542407202236,0.05894916486736119,0,0,70,0,0,0
1625,81.275,-2.6562711047937335,-2.6142903549135994,-15,1.5459708458457555,1.4722791062648772,0,0.029129272207065248,0.05733780353906826,0,0,70,0,0,0
1626,81.325,-2.5789365041911454,-2.5405344018396874,-15,1.5474061110153143,1.477932055825255,0,0.02828120341321659,0.055720154474479776,0,0,70,0,0,0
1627,81.375,-2.5015312007415282,-2.4664998505393685,-15,1.5487989532646738,1.483422933480933,0,0.02743235927588993,0.05409639506704354,0,0,70,0,0,0
1628,81.42500000000001,-2.4240573165504156,-2.392194819735524,-15,1.550149334408359,1.4887511370952968,0,0.026582763066576486,0.052466703380277535,0,0,70,0,0,0
1629,81.475,-2.3465169756034667,-2.317627457812109,-15,1.551457217424989,1.4939160823707776,0,0.025732438077385403,0.05083125812823985,0,0,70,0,0,0
1630,81.525,-2.2689123037082837,-2.242805941920645,-15,1.5527225664582904,1.4989172029129234,0,0.024881407620405634,0.04919023865593192,0,0,70,0,0,0
1631,81.575,-2.1912454284361744,-2.167738477083537,-15,1.55394534681808,1.5037539502925072,0,0.024029695027067335,0.04754382491963204,0,0,70,0,0,0
1632,81.625,-2.113518479063732,-2.092433295294211,-15,1.5551255249812168,1.5084257941056758,0,0.023177323647501216,0.04589219746715923,0,0,70,0,0,0
1633,81.67500000000001,-2.0357335865145623,-2.0168986546144896,-15,1.5562630685925198,1.512932222032106,0,0.0223243168498995,0.044235537418076384,0,0,70,0,0,0
1634,81.725,-1.9578928833007754,-1.9411428382689073,-15,1.5573579464656568,1.5172727398911938,0,0.021470698019874297,0.042574026443826435,0,0,70,0,0,0
1635,81.775,-1.8799985034645568,-1.8651741537364042,-15,1.5584101285839977,1.5214468716962437,0,0.020616490559816885,0.040907846747810964,0,0,70,0,0,0
1636,81.825,-1.8020525825197045,-1.7890009318393545,-15,1.5594195861014382,1.525454159706663,0,0.019761717888256574,0.03923718104541035,0,0,70,0,0,0
1637,81.875,-1.7240572573930018,-1.7126315258299207,-15,1.5603862913431905,1.5292941644781655,0,0.0189064034392178,0.03756221254394527,0,0,70,0,0,0
1638,81.92500000000001,-1.6460146663656865,-1.6360743104740765,-15,1.5613102178065421,1.5329664649109536,0,0.018050570661578235,0.03588312492258707,0,0,70,0,0,0
1639,81.975,-1.5679269490148013,-1.5593376811331943,-15,1.5621913401615823,1.5364706582959031,0,0.017194243018425658,0.03420010231221477,0,0,70,0,0,0
1640,82.025,-1.489796246154576,-1.482430052843437,-15,1.5630296342518968,1.5398063603587198,0,0.01633744398641512,0.032513329275223816,0,0,70,0,0,0
1641,82.075,-1.4116246997777104,-1.4053598593929304,-15,1.5638250770952287,1.5429732053020822,0,0.015480197055125038,0.030822990785286192,0,0,70,0,0,0
1642,82.125,-1.3334144529966234,-1.3281355523968752,-15,1.564577646884112,1.545970845845755,0,0.014622525726412927,0.029129272207065435,0,0,70,0,0,0
1643,82.17500000000001,-1.2551676499847377,-1.2507656003707723,-15,1.5652873229864652,1.5487989532646735,0,0.013764453513771506,0.027432359275890106,0,0,70,0,0,0
1644,82.225,-1.1768864359176843,-1.1732584878017418,-15,1.5659540859461594,1.5514572174249888,0,0.012906003941683938,0.02573243807738559,0,0,70,0,0,0
1645,82.275,-1.098572956914477,-1.095622714218089,-15,1.5665779174835515,1.55394534681808,0,0.012047200544978747,0.024029695027067373,0,0,70,0,0,0
1646,82.325,-1.0202293599787158,-1.0178667932572765,-15,1.5671588004959842,1.55626306859252,0,0.011188066868185013,0.022324316849899394,0,0,70,0,0,0
1647,82.375,-0.9418577929396856,-0.939999251732267,-15,1.567696719058257,1.5584101285839982,0,0.010328626464886479,0.020616490559816635,0,0,70,0,0,0
1648,82.42500000000001,-0.8634604043935125,-0.8620286286965027,-15,1.56819165842306,1.5603862913431903,0,0.00946890289707623,0.018906403439217834,0,0,70,0,0,0
1649,82.475,-0.7850393436441655,-0.783963474507409,-15,1.568643605021381,1.5621913401615821,0,0.00860891973450973,0.017194243018425842,0,0,70,0,0,0
1650,82.525,-0.7065967606446396,-0.705812349888857,-15,1.5690525464628762,1.5638250770952287,0,0.007748700554059799,0.015480197055125077,0,0,70,0,0,0
1651,82.575,-0.628134805937999,-0.6275838249923706,-15,1.5694184715362083,1.5652873229864652,0,0.006888268939070094,0.013764453513771544,0,0,70,0,0,0
1652,82.625,-0.549655630598327,-0.5492864784572205,-15,1.5697413702093574,1.5665779174835517,0,0.006027648478707549,0.01204720054497835,0,0,70,0,0,0
1653,82.67500000000001,-0.4711613861719121,-0.47092889646983804,-15,1.5700212336298927,1.567696719058257,0,0.005166862767317407,0.010328626464886373,0,0,70,0,0,0
1654,82.725,-0.3926542246181032,-0.39251967182208464,-15,1.5702580541252178,1.568643605021381,0,0.0043059354037746226,0.008608919734509772,0,0,70,0,0,0
1655,82.775,-0.3141362982503519,-0.31406740296899466,-15,1.5704518252027784,1.5694184715362083,0,0.0034448899908373245,0.006888268939069988,0,0,70,0,0,0
1656,82.825,-0.23560975967731246,-0.23558069308596452,-15,1.5706025415502434,1.5700212336298927,0,0.0025837501345008992,0.005166862767317593,0,0,70,0,0,0
1657,82.875,-0.1570767617436808,-0.15706814912517109,-15,1.5707101990356473,1.5704518252027784,0,0.0017225394433492184,0.003444889990837218,0,0,70,0,0,0
1658,82.92500000000001,-0.07853945747129248,-0.07853838087184223,-15,1.570774794707506,1.5707101990356473,0,0.0008612815279087098,0.0017225394433492585,0,0,70,0,0,0
1659,82.975,-0.07853945747129248,-0.07853838087184223,-15,0,0,0,0,0,0,0,60,0,0,0
1660,83.02499999999999,-0.07853945747129248,-0.07853838087184223,-15,0,0,0,0,0,0,0,60,0,0,0
1661,83.07499999999999,-0.07853945747129248,-0.07853838087184223,-15,0,0,0,0,0,0,0,60,0,0,0
1662,83.125,-0.07853945747129248,-0.07853838087184223,-15,0,0,0,0,0,0,0,60,0,0,0
1663,83.175,-0.07853945747129248,-0.07853838087184223,-15,0,0,0,0,0,0,0,60,0,0,0
1664,83.225,-0.07853945747129248,-0.07853838087184223,-15,0,0,0,0,0,0,0,60,0,0,0
1665,83.27499999999999,-0.07853945747129248,-0.07853838087184223,-15,0,0,0,0,0,0,0,60,0,0,0
1666,83.32499999999999,-0.07853945747129248,-0.07853838087184223,-15,0,0,0,0,0,0,0,60,0,0,0
1667,83.375,-0.07853945747129248,-0.07853838087184223,-15,0,0,0,0,0,0,0,60,0,0,0
1668,83.425,-0.07853945747129248,-0.07853838087184223,-15,0,0,0,0,0,0,0,60,0,0,0
1669,83.475,-0.07853945747129248,-0.07853838087184223,-15,0,0,0,0,0,0,0,60,0,0,0
1670,83.52499999999999,-0.07853945747129248,-0.07853838087184223,-15,0,0,0,0,0,0,0,60,0,0,0
1671,83.57499999999999,-0.07853945747129248,-0.07853838087184223,-15,0,0,0,0,0,0,0,60,0,0,0
1672,83.625,-0.07853945747129248,-0.07853838087184223,-15,0,0,0,0,0,0,0,60,0,0,0
1673,83.675,-0.07853945747129248,-0.07853838087184223,-15,0,0,0,0,0,0,0,60,0,0,0
1674,83.725,-0.07853945747129248,-0.07853838087184223,-15,0,0,0,0,0,0,0,60,0,0,0
1675,83.77499999999999,-0.07853945747129248,-0.07853838087184223,-15,0,0,0,0,0,0,0,60,0,0,0
1676,83.82499999999999,-0.07853945747129248,-0.07853838087184223,-15,0,0,0,0,0,0,0,60,0,0,0
1677,83.875,-0.07853945747129248,-0.07853838087184223,-15,0,0,0,0,0,0,0,60,0,0,0
1678,83.925,-0.07853945747129248,-0.07853838087184223,-15,0,0,0,0,0,0,0,60,0,0,0
1679,83.975,-0.07853945747129248,-0.07853838087184223,-15,0,0,0,0,0,0,0,60,0,0,0
1680,84.02499999999999,-0.07853945747129248,-0.07853838087184223,-15,0,0,0,0,0,0,0,60,0,0,0
1681,84.07499999999999,-0.07853945747129248,-0.07853838087184223,-15,0,0,0,0,0,0,0,60,0,0,0
1682,84.125,-0.07853945747129248,-0.07853838087184223,-15,0,0,0,0,0,0,0,60,0,0,0
1683,84.175,-0.07853945747129248,-0.07853838087184223,-15,0,0,0,0,0,0,0,60,0,0,0
1684,84.225,-0.07853945747129248,-0.07853838087184223,-15,0,0,0,0,0,0,0,60,0,0,0
1685,84.27499999999999,-0.07853945747129248,-0.07853838087184223,-15,0,0,0,0,0,0,0,60,0,0,0
1686,84.32499999999999,-0.07853945747129248,-0.07853838087184223,-15,0,0,0,0,0,0,0,60,0,0,0
1687,84.375,-0.07853945747129248,-0.07853838087184223,-15,0,0,0,0,0,0,0,60,0,0,0
1688,84.425,-0.07853945747129248,-0.07853838087184223,-15,0,0,0,0,0,0,0,60,0,0,0
1689,84.475,-0.07853945747129248,-0.07853838087184223,-15,0,0,0,0,0,0,0,60,0,0,0
1690,84.52499999999999,-0.07853945747129248,-0.07853838087184223,-15,0,0,0,0,0,0,0,60,0,0,0
1691,84.57499999999999,-0.07853945747129248,-0.07853838087184223,-15,0,0,0,0,0,0,0,60,0,0,0
1692,84.625,-0.07853945747129248,-0.07853838087184223,-15,0,0,0,0,0,0,0,60,0,0,0
1693,84.675,-0.07853945747129248,-0.07853838087184223,-15,0,0,0,0,0,0,0,60,0,0,0
1694,84.725,-0.07853945747129248,-0.07853838087184223,-15,0,0,0,0,0,0,0,60,0,0,0
1695,84.77499999999999,-0.07853945747129248,-0.07853838087184223,-15,0,0,0,0,0,0,0,60,0,0,0
1696,84.82499999999999,-0.07853945747129248,-0.07853838087184223,-15,0,0,0,0,0,0,0,60,0,0,0
1697,84.875,-0.07853945747129248,-0.07853838087184223,-15,0,0,0,0,0,0,0,60,0,0,0
1698,84.925,-0.07853945747129248,-0.07853838087184223,-15,0,0,0,0,0,0,0,60,0,0,0
1699,84.975,-0.07853945747129248,-0.07853838087184223,-15,0,0,0,0,0,0,0,60,0,0,0
1700,85.02499999999999,-0.07853945747129248,-0.07853838087184223,-15,0,0,0,0,0,0,0,60,0,0,0
1701,85.07499999999999,-0.07853945747129248,-0.07853838087184223,-15,0,0,0,0,0,0,0,60,0,0,0
1702,85.125,-0.07853945747129248,-0.07853838087184223,-15,0,0,0,0,0,0,0,60,0,0,0
1703,85.175,-0.07853945747129248,-0.07853838087184223,-15,0,0,0,0,0,0,0,60,0,0,0
1704,85.225,-0.07853945747129248,-0.07853838087184223,-15,0,0,0,0,0,0,0,60,0,0,0
1705,85.27499999999999,-0.07853945747129248,-0.07853838087184223,-15,0,0,0,0,0,0,0,60,0,0,0
1706,85.32499999999999,-0.07853945747129248,-0.07853838087184223,-15,0,0,0,0,0,0,0,60,0,0,0
1707,85.375,-0.07853945747129248,-0.07853838087184223,-15,0,0,0,0,0,0,0,60,0,0,0
1708,85.425,-0.07853945747129248,-0.07853838087184223,-15,0,0,0,0,0,0,0,60,0,0,0
1709,85.475,-0.07853945747129248,-0.07853838087184223,-15,0,0,0,0,0,0,0,60,0,0,0
1710,85.52499999999999,-0.07853945747129248,-0.07853838087184223,-15,0,0,0,0,0,0,0,60,0,0,0
1711,85.57499999999999,-0.07853945747129248,-0.07853838087184223,-15,0,0,0,0,0,0,0,60,0,0,0
1712,85.625,-0.07853945747129248,-0.07853838087184223,-15,0,0,0,0,0,0,0,60,0,0,0
1713,85.675,-0.07853945747129248,-0.07853838087184223,-15,0,0,0,0,0,0,0,60,0,0,0
1714,85.725,-0.07853945747129248,-0.07853838087184223,-15,0,0,0,0,0,0,0,60,0,0,0
1715,85.77499999999999,-0.07853945747129248,-0.07853838087184223,-15,0,0,0,0,0,0,0,60,0,0,0
1716,85.82499999999999,-0.07853945747129248,-0.07853838087184223,-15,0,0,0,0,0,0,0,60,0,0,0
1717,85.875,-0.07853945747129248,-0.07853838087184223,-15,0,0,0,0,0,0,0,60,0,0,0
1718,85.925,-0.07853945747129248,-0.07853838087184223,-15,0,0,0,0,0,0,0,60,0,0,0
1719,85.975,-0.07853945747129248,-0.07853838087184223,-15,0,0,0,0,0,0,0,60,0,0,0
1720,86.02499999999999,-0.07853945747129248,-0.07853838087184223,-15,0,0,0,0,0,0,0,60,0,0,0
1721,86.07499999999999,-0.07853945747129248,-0.07853838087184223,-15,0,0,0,0,0,0,0,60,0,0,0
1722,86.125,-0.07853945747129248,-0.07853838087184223,-15,0,0,0,0,0,0,0,60,0,0,0
1723,86.175,-0.07853945747129248,-0.07853838087184223,-15,0,0,0,0,0,0,0,60,0,0,0
1724,86.225,-0.07853945747129248,-0.07853838087184223,-15,0,0,0,0,0,0,0,60,0,0,0
1725,86.27499999999999,-0.07853945747129248,-0.07853838087184223,-15,0,0,0,0,0,0,0,60,0,0,0
1726,86.32499999999999,-0.07853945747129248,-0.07853838087184223,-15,0,0,0,0,0,0,0,60,0,0,0
1727,86.375,-0.07853945747129248,-0.07853838087184223,-15,0,0,0,0,0,0,0,60,0,0,0
1728,86.425,-0.07853945747129248,-0.07853838087184223,-15,0,0,0,0,0,0,0,60,0,0,0
1729,86.475,-0.07853945747129248,-0.07853838087184223,-15,0,0,0,0,0,0,0,60,0,0,0
1730,86.52499999999999,-0.07853945747129248,-0.07853838087184223,-15,0,0,0,0,0,0,0,60,0,0,0
1731,86.57499999999999,-0.07853945747129248,-0.07853838087184223,-15,0,0,0,0,0,0,0,60,0,0,0
1732,86.625,-0.07853945747129248,-0.07853838087184223,-15,0,0,0,0,0,0,0,60,0,0,0
1733,86.675,-0.07853945747129248,-0.07853838087184223,-15,0,0,0,0,0,0,0,60,0,0,0
1734,86.725,-0.07853945747129248,-0.07853838087184223,-15,0,0,0,0,0,0,0,60,0,0,0
1735,86.77499999999999,-0.07853945747129248,-0.07853838087184223,-15,0,0,0,0,0,0,0,60,0,0,0
1736,86.82499999999999,-0.07853945747129248,-0.07853838087184223,-15,0,0,0,0,0,0,0,60,0,0,0
1737,86.875,-0.07853945747129248,-0.07853838087184223,-15,0,0,0,0,0,0,0,60,0,0,0
1738,86.925,-0.07853945747129248,-0.07853838087184223,-15,0,0,0,0,0,0,0,60,0,0,0
1739,86.975,-0.07853945747129248,-0.07853838087184223,-15,0,0,0,0,0,0,0,80,0,0,0
1740,87.02499999999999,-0.07853945747129248,-0.07853838087184223,-15,0,0,0,0,0,0,0,80,0,0,0
1741,87.07499999999999,-0.07853945747129248,-0.07853838087184223,-15,0,0,0,0,0,0,0,80,0,0,0
1742,87.125,-0.07853945747129248,-0.07853838087184223,-15,0,0,0,0,0,0,0,80,0,0,0
1743,87.175,-0.07853945747129248,-0.07853838087184223,-15,0,0,0,0,0,0,0,80,0,0,0
1744,87.225,-0.07853945747129248,-0.07853838087184223,-15,0,0,0,0,0,0,0,80,0,0,0
1745,87.27499999999999,-0.07853945747129248,-0.07853838087184223,-15,0,0,0,0,0,0,0,80,0,0,0
1746,87.32499999999999,-0.07853945747129248,-0.07853838087184223,-15,0,0,0,0,0,0,0,80,0,0,0
1747,87.375,-0.07853945747129248,-0.07853838087184223,-15,0,0,0,0,0,0,0,80,0,0,0
1748,87.425,-0.07853945747129248,-0.07853838087184223,-15,0,0,0,0,0,0,0,80,0,0,0
1749,87.475,-0.07853945747129248,-0.07853838087184223,-15,0,0,0,0,0,0,0,80,0,0,0
1750,87.52499999999999,-0.07853945747129248,-0.07853838087184223,-15,0,0,0,0,0,0,0,80,0,0,0
1751,87.57499999999999,-0.07853945747129248,-0.07853838087184223,-15,0,0,0,0,0,0,0,80,0,0,0
1752,87.625,-0.07853945747129248,-0.07853838087184223,-15,0,0,0,0,0,0,0,80,0,0,0
1753,87.675,-0.07853945747129248,-0.07853838087184223,-15,0,0,0,0,0,0,0,80,0,0,0
1754,87.725,-0.07853945747129248,-0.07853838087184223,-15,0,0,0,0,0,0,0,80,0,0,0
1755,87.77499999999999,-0.07853945747129248,-0.07853838087184223,-15,0,0,0,0,0,0,0,80,0,0,0
1756,87.82499999999999,-0.07853945747129248,-0.07853838087184223,-15,0,0,0,0,0,0,0,80,0,0,0
1757,87.875,-0.07853945747129248,-0.07853838087184223,-15,0,0,0,0,0,0,0,80,0,0,0
1758,87.925,-0.07853945747129248,-0.07853838087184223,-15,0,0,0,0,0,0,0,80,0,0,0
1759,87.975,-0.07853945747129248,-0.07853838087184223,-15,0,0,0,0,0,0,0,80,0,0,0
1760,88.02499999999999,-0.07853945747129248,-0.07853838087184223,-15,0,0,0,0,0,0,0,80,0,0,0
1761,88.07499999999999,-0.07853945747129248,-0.07853838087184223,-15,0,0,0,0,0,0,0,80,0,0,0
1762,88.125,-0.07853945747129248,-0.07853838087184223,-15,0,0,0,0,0,0,0,80,0,0,0
1763,88.175,-0.07853945747129248,-0.07853838087184223,-15,0,0,0,0,0,0,0,80,0,0,0
1764,88.225,-0.07853945747129248,-0.07853838087184223,-15,0,0,0,0,0,0,0,80,0,0,0
1765,88.27499999999999,-0.07853945747129248,-0.07853838087184223,-15,0,0,0,0,0,0,0,80,0,0,0
1766,88.32499999999999,-0.07853945747129248,-0.07853838087184223,-15,0,0,0,0,0,0,0,80,0,0,0
1767,88.375,-0.07853945747129248,-0.07853838087184223,-15,0,0,0,0,0,0,0,80,0,0,0
1768,88.425,-0.07853945747129248,-0.07853838087184223,-15,0,0,0,0,0,0,0,80,0,0,0
1769,88.475,-0.07853945747129248,-0.07853838087184223,-15,0,0,0,0,0,0,0,80,0,0,0
1770,88.52499999999999,-0.07853945747129248,-0.07853838087184223,-15,0,0,0,0,0,0,0,80,0,0,0
1771,88.57499999999999,-0.07853945747129248,-0.07853838087184223,-15,0,0,0,0,0,0,0,80,0,0,0
1772,88.625,-0.07853945747129248,-0.07853838087184223,-15,0,0,0,0,0,0,0,80,0,0,0
1773,88.675,-0.07853945747129248,-0.07853838087184223,-15,0,0,0,0,0,0,0,80,0,0,0
1774,88.725,-0.07853945747129248,-0.07853838087184223,-15,0,0,0,0,0,0,0,80,0,0,0
1775,88.77499999999999,-0.07853945747129248,-0.07853838087184223,-15,0,0,0,0,0,0,0,80,0,0,0
1776,88.82499999999999,-0.07853945747129248,-0.07853838087184223,-15,0,0,0,0,0,0,0,80,0,0,0
1777,88.875,-0.07853945747129248,-0.07853838087184223,-15,0,0,0,0,0,0,0,80,0,0,0
1778,88.925,-0.07853945747129248,-0.07853838087184223,-15,0,0,0,0,0,0,0,80,0,0,0
1779,88.975,-0.07853945747129248,-0.07853838087184223,-15,0,0,0,0,0,0,0,80,0,0,0
1780,89.02499999999999,-0.07853945747129248,-0.07853838087184223,-15,0,0,0,0,0,0,0,80,0,0,0
1781,89.07499999999999,-0.07853945747129248,-0.07853838087184223,-15,0,0,0,0,0,0,0,80,0,0,0
1782,89.125,-0.07853945747129248,-0.07853838087184223,-15,0,0,0,0,0,0,0,80,0,0,0
1783,89.175,-0.07853945747129248,-0.07853838087184223,-15,0,0,0,0,0,0,0,80,0,0,0
1784,89.225,-0.07853945747129248,-0.07853838087184223,-15,0,0,0,0,0,0,0,80,0,0,0
1785,89.27499999999999,-0.07853945747129248,-0.07853838087184223,-15,0,0,0,0,0,0,0,80,0,0,0
1786,89.32499999999999,-0.07853945747129248,-0.07853838087184223,-15,0,0,0,0,0,0,0,80,0,0,0
1787,89.375,-0.07853945747129248,-0.07853838087184223,-15,0,0,0,0,0,0,0,80,0,0,0
1788,89.425,-0.07853945747129248,-0.07853838087184223,-15,0,0,0,0,0,0,0,80,0,0,0
1789,89.475,-0.07853945747129248,-0.07853838087184223,-15,0,0,0,0,0,0,0,80,0,0,0
1790,89.52499999999999,-0.07853945747129248,-0.07853838087184223,-15,0,0,0,0,0,0,0,80,0,0,0
1791,89.57499999999999,-0.07853945747129248,-0.07853838087184223,-15,0,0,0,0,0,0,0,80,0,0,0
1792,89.625,-0.07853945747129248,-0.07853838087184223,-15,0,0,0,0,0,0,0,80,0,0,0
1793,89.675,-0.07853945747129248,-0.07853838087184223,-15,0,0,0,0,0,0,0,80,0,0,0
1794,89.725,-0.07853945747129248,-0.07853838087184223,-15,0,0,0,0,0,0,0,80,0,0,0
1795,89.77499999999999,-0.07853945747129248,-0.07853838087184223,-15,0,0,0,0,0,0,0,80,0,0,0
1796,89.82499999999999,-0.07853945747129248,-0.07853838087184223,-15,0,0,0,0,0,0,0,80,0,0,0
1797,89.875,-0.07853945747129248,-0.07853838087184223,-15,0,0,0,0,0,0,0,80,0,0,0
1798,89.925,-0.07853945747129248,-0.07853838087184223,-15,0,0,0,0,0,0,0,80,0,0,0
1799,89.975,-0.07853945747129248,-0.07853838087184223,-15,0,0,0,0,0,0,0,80,0,0,0
1800,90.02499999999999,-0.07853945747129248,-0.07853838087184223,-15,0,0,0,0,0,0,0,80,0,0,0
1801,90.07499999999999,-0.07853945747129248,-0.07853838087184223,-15,0,0,0,0,0,0,0,80,0,0,0
1802,90.125,-0.07853945747129248,-0.07853838087184223,-15,0,0,0,0,0,0,0,80,0,0,0
1803,90.175,-0.07853945747129248,-0.07853838087184223,-15,0,0,0,0,0,0,0,80,0,0,0
1804,90.225,-0.07853945747129248,-0.07853838087184223,-15,0,0,0,0,0,0,0,80,0,0,0
1805,90.27499999999999,-0.07853945747129248,-0.07853838087184223,-15,0,0,0,0,0,0,0,80,0,0,0
1806,90.32499999999999,-0.07853945747129248,-0.07853838087184223,-15,0,0,0,0,0,0,0,80,0,0,0
1807,90.375,-0.07853945747129248,-0.07853838087184223,-15,0,0,0,0,0,0,0,80,0,0,0
1808,90.425,-0.07853945747129248,-0.07853838087184223,-15,0,0,0,0,0,0,0,80,0,0,0
1809,90.475,-0.07853945747129248,-0.07853838087184223,-15,0,0,0,0,0,0,0,80,0,0,0
1810,90.52499999999999,-0.07853945747129248,-0.07853838087184223,-15,0,0,0,0,0,0,0,80,0,0,0
1811,90.57499999999999,-0.07853945747129248,-0.07853838087184223,-15,0,0,0,0,0,0,0,80,0,0,0
1812,90.625,-0.07853945747129248,-0.07853838087184223,-15,0,0,0,0,0,0,0,80,0,0,0
1813,90.675,-0.07853945747129248,-0.07853838087184223,-15,0,0,0,0,0,0,0,80,0,0,0
1814,90.725,-0.07853945747129248,-0.07853838087184223,-15,0,0,0,0,0,0,0,80,0,0,0
1815,90.77499999999999,-0.07853945747129248,-0.07853838087184223,-15,0,0,0,0,0,0,0,80,0,0,0
1816,90.82499999999999,-0.07853945747129248,-0.07853838087184223,-15,0,0,0,0,0,0,0,80,0,0,0
1817,90.875,-0.07853945747129248,-0.07853838087184223,-15,0,0,0,0,0,0,0,80,0,0,0
1818,90.925,-0.07853945747129248,-0.07853838087184223,-15,0,0,0,0,0,0,0,80,0,0,0
1819,90.975,-0.07853945747129248,-0.07853838087184223,-15.0,1.414223255251111,1.4142038694286445,0.0,0,0,0,0,90,0,0,0
